Talage Industry;code;acuity Industry;Territories
"Bee Keeping";"55371";"Bee production (i.e., apiculture)";"AZ, CO, IA, ID, IL, IN, KS, KY, ME, MI, MN, MO, MT, ND, NE, NH, NM, NV, OH, PA, SD, TN, TX, UT, VA, VT, WI, WY"
"Logging";"97111";"Cutting and transporting timber";"AZ, CO, IA, ID, IL, IN, KS, KY, ME, MI, MN, MO, MT, ND, NE, NH, NM, NV, OH, PA, SD, TN, TX, UT, VA, VT, WI, WY"
"Irrigation Systems";"96703";"Canal, irrigation";"AZ, CO, IA, ID, IL, IN, KS, KY, ME, MI, MN, MO, MT, ND, NE, NH, NM, NV, OH, PA, SD, TN, TX, UT, VA, VT, WI, WY"
"New Single-Family Housing Construction (Except For-Sale Builders)";"91342";"Industrial Building Construction";"AZ, CO, IA, ID, IL, IN, KS, KY, ME, MI, MN, MO, MT, ND, NE, NH, NM, NV, OH, PA, SD, TN, TX, UT, VA, VT, WI, WY"
"Residential Remodeler";"91340";"New Single-Family Housing Construction (except For-Sale Builders)";"AZ, CO, IA, ID, IL, IN, KS, KY, ME, MI, MN, MO, MT, ND, NE, NH, NM, NV, OH, PA, SD, TN, TX, UT, VA, VT, WI, WY"
"Water Well Drilling";"92102";"Capping of water wells";"AZ, CO, IA, ID, IL, IN, KS, KY, ME, MI, MN, MO, MT, ND, NE, NH, NM, NV, OH, PA, SD, TN, TX, UT, VA, VT, WI, WY"
"Power and Communication Line and Related Structures Construction";"91302";"Cable laying (e.g., cable television, electricity, marine, telephone), including underground";"AZ, CO, IA, ID, IL, IN, KS, KY, ME, MI, MN, MO, MT, ND, NE, NH, NM, NV, OH, PA, SD, TN, TX, UT, VA, VT, WI, WY"
"Land Subdivision";"47051";"Land Subdivision";"AZ, CO, IA, ID, IL, IN, KS, KY, ME, MI, MN, MO, MT, ND, NE, NH, NM, NV, OH, PA, SD, TN, TX, UT, VA, VT, WI, WY"
"Highway and Street Construction";"99321";"Asphalt paving (i.e., highway, road, street, public sidewalk)";"AZ, CO, IA, ID, IL, IN, KS, KY, ME, MI, MN, MO, MT, ND, NE, NH, NM, NV, OH, PA, SD, TN, TX, UT, VA, VT, WI, WY"
"Poured Concrete Foundation and Structure Contractor";"91560";"Poured Concrete Foundation and Structure Contractors";"AZ, CO, IA, ID, IL, IN, KS, KY, ME, MI, MN, MO, MT, ND, NE, NH, NM, NV, OH, PA, SD, TN, TX, UT, VA, VT, WI, WY"
"Structural Steel and Precast Concrete Contractor";"97651";"Other Foundation, Structure, and Building Exterior Contractors";"AZ, CO, IA, ID, IL, IN, KS, KY, ME, MI, MN, MO, MT, ND, NE, NH, NM, NV, OH, PA, SD, TN, TX, UT, VA, VT, WI, WY"
"Framing Contractor";"91342";"Industrial Building Construction";"AZ, CO, IA, ID, IL, IN, KS, KY, ME, MI, MN, MO, MT, ND, NE, NH, NM, NV, OH, PA, SD, TN, TX, UT, VA, VT, WI, WY"
"Masonry Contractor";"97447";"Masonry Contractors";"AZ, CO, IA, ID, IL, IN, KS, KY, ME, MI, MN, MO, MT, ND, NE, NH, NM, NV, OH, PA, SD, TN, TX, UT, VA, VT, WI, WY"
"Concrete Work";"91560";"Poured Concrete Foundation and Structure Contractors";"AZ, CO, IA, ID, IL, IN, KS, KY, ME, MI, MN, MO, MT, ND, NE, NH, NM, NV, OH, PA, SD, TN, TX, UT, VA, VT, WI, WY"
"Glass and Glazing Contractor";"13590";"Glass and Glazing Contractors";"AZ, CO, IA, ID, IL, IN, KS, KY, ME, MI, MN, MO, MT, ND, NE, NH, NM, NV, OH, PA, SD, TN, TX, UT, VA, VT, WI, WY"
"Roofing Contractor";"98677";"Roofing Contractors";"AZ, CO, IA, ID, IL, IN, KS, KY, ME, MI, MN, MO, MT, ND, NE, NH, NM, NV, OH, PA, SD, TN, TX, UT, VA, VT, WI, WY"
"Siding Contractor";"98884";"Downspout, gutter, and gutter guard installation";"AZ, CO, IA, ID, IL, IN, KS, KY, ME, MI, MN, MO, MT, ND, NE, NH, NM, NV, OH, PA, SD, TN, TX, UT, VA, VT, WI, WY"
"Other Foundation, Structure, and Building Exterior Contractor";"91523";"Building exterior cleaning services (except sandblasting, window cleaning)";"AZ, CO, IA, ID, IL, IN, KS, KY, ME, MI, MN, MO, MT, ND, NE, NH, NM, NV, OH, PA, SD, TN, TX, UT, VA, VT, WI, WY"
"Electrical Contractor";"92478";"Electrical Contractors and Other Wiring Installation Contractors";"AZ, CO, IA, ID, IL, IN, KS, KY, ME, MI, MN, MO, MT, ND, NE, NH, NM, NV, OH, PA, SD, TN, TX, UT, VA, VT, WI, WY"
"Heating and Air-Conditioning Contractor";"95647";"Plumbing, Heating, and Air-Conditioning Contractors";"AZ, CO, IA, ID, IL, IN, KS, KY, ME, MI, MN, MO, MT, ND, NE, NH, NM, NV, OH, PA, SD, TN, TX, UT, VA, VT, WI, WY"
"Other Building Equipment Contractor";"92451";"Building automation system installation contractors";"AZ, CO, IA, ID, IL, IN, KS, KY, ME, MI, MN, MO, MT, ND, NE, NH, NM, NV, OH, PA, SD, TN, TX, UT, VA, VT, WI, WY"
"Drywall and Insulation Contractor";"92338";"Drywall and Insulation Contractors";"AZ, CO, IA, ID, IL, IN, KS, KY, ME, MI, MN, MO, MT, ND, NE, NH, NM, NV, OH, PA, SD, TN, TX, UT, VA, VT, WI, WY"
"Painting and Wall Covering Contractor";"98305";"Electrostatic painting, on-site, contractors";"AZ, CO, IA, ID, IL, IN, KS, KY, ME, MI, MN, MO, MT, ND, NE, NH, NM, NV, OH, PA, SD, TN, TX, UT, VA, VT, WI, WY"
"Floor Laying and Floor Work";"94569";"Flooring Contractors";"AZ, CO, IA, ID, IL, IN, KS, KY, ME, MI, MN, MO, MT, ND, NE, NH, NM, NV, OH, PA, SD, TN, TX, UT, VA, VT, WI, WY"
"Terrazzo, Tile, Marble, Mosaic Work";"99746";"Tile and Terrazzo Contractors";"AZ, CO, IA, ID, IL, IN, KS, KY, ME, MI, MN, MO, MT, ND, NE, NH, NM, NV, OH, PA, SD, TN, TX, UT, VA, VT, WI, WY"
"Finish Carpentry";"91341";"Acoustical ceiling tile and panel installation";"AZ, CO, IA, ID, IL, IN, KS, KY, ME, MI, MN, MO, MT, ND, NE, NH, NM, NV, OH, PA, SD, TN, TX, UT, VA, VT, WI, WY"
"Excavation Work";"94007";"Boring, for building construction";"AZ, CO, IA, ID, IL, IN, KS, KY, ME, MI, MN, MO, MT, ND, NE, NH, NM, NV, OH, PA, SD, TN, TX, UT, VA, VT, WI, WY"
"Other Specialty Trade Contractor";"94276";"Chain link fence installation";"AZ, CO, IA, ID, IL, IN, KS, KY, ME, MI, MN, MO, MT, ND, NE, NH, NM, NV, OH, PA, SD, TN, TX, UT, VA, VT, WI, WY"
"Dog and Cat Food Manufacturing";"57913";"Dog and Cat Food Manufacturing";"AZ, CO, IA, ID, IL, IN, KS, KY, ME, MI, MN, MO, MT, ND, NE, NH, NM, NV, OH, PA, SD, TN, TX, UT, VA, VT, WI, WY"
"Wet Corn Milling";"52109";"Wet Corn Milling";"AZ, CO, IA, ID, IL, IN, KS, KY, ME, MI, MN, MO, MT, ND, NE, NH, NM, NV, OH, PA, SD, TN, TX, UT, VA, VT, WI, WY"
"Vegetable Oil Mill";"59905";"Soybean and Other Oilseed Processing";"AZ, CO, IA, ID, IL, IN, KS, KY, ME, MI, MN, MO, MT, ND, NE, NH, NM, NV, OH, PA, SD, TN, TX, UT, VA, VT, WI, WY"
"Breakfast Cereal Manufacturing";"53374";"Breakfast Cereal Manufacturing";"AZ, CO, IA, ID, IL, IN, KS, KY, ME, MI, MN, MO, MT, ND, NE, NH, NM, NV, OH, PA, SD, TN, TX, UT, VA, VT, WI, WY"
"Cane Sugar Refining";"59537";"Beet Sugar Manufacturing";"AZ, CO, IA, ID, IL, IN, KS, KY, ME, MI, MN, MO, MT, ND, NE, NH, NM, NV, OH, PA, SD, TN, TX, UT, VA, VT, WI, WY"
"Non-chocolate Confectionery Manufacturing";"51752";"Nonchocolate Confectionery Manufacturing";"AZ, CO, IA, ID, IL, IN, KS, KY, ME, MI, MN, MO, MT, ND, NE, NH, NM, NV, OH, PA, SD, TN, TX, UT, VA, VT, WI, WY"
"Chocolate and Confectionery Manufacturing";"51752";"Nonchocolate Confectionery Manufacturing";"AZ, CO, IA, ID, IL, IN, KS, KY, ME, MI, MN, MO, MT, ND, NE, NH, NM, NV, OH, PA, SD, TN, TX, UT, VA, VT, WI, WY"
"Frozen Fruit, Juice, and Vegetable Manufacturing";"53565";"Citrus pulp, frozen, manufacturing";"AZ, CO, IA, ID, IL, IN, KS, KY, ME, MI, MN, MO, MT, ND, NE, NH, NM, NV, OH, PA, SD, TN, TX, UT, VA, VT, WI, WY"
"Frozen Specialty Food Manufacturing";"53375";"Frozen Fruit, Juice, and Vegetable Manufacturing";"AZ, CO, IA, ID, IL, IN, KS, KY, ME, MI, MN, MO, MT, ND, NE, NH, NM, NV, OH, PA, SD, TN, TX, UT, VA, VT, WI, WY"
"Fluid Milk Manufacturing";"57002";"Fluid Milk Manufacturing";"AZ, CO, IA, ID, IL, IN, KS, KY, ME, MI, MN, MO, MT, ND, NE, NH, NM, NV, OH, PA, SD, TN, TX, UT, VA, VT, WI, WY"
"Cheese Manufacturing";"52002";"Creamery Butter Manufacturing";"AZ, CO, IA, ID, IL, IN, KS, KY, ME, MI, MN, MO, MT, ND, NE, NH, NM, NV, OH, PA, SD, TN, TX, UT, VA, VT, WI, WY"
"Animal Fats and Oils Processing";"58682";"Fats and Oils Refining and Blending";"AZ, CO, IA, ID, IL, IN, KS, KY, ME, MI, MN, MO, MT, ND, NE, NH, NM, NV, OH, PA, SD, TN, TX, UT, VA, VT, WI, WY"
"Canned and Cured Fish and Seafoods";"56758";"Curing fish and seafood";"AZ, CO, IA, ID, IL, IN, KS, KY, ME, MI, MN, MO, MT, ND, NE, NH, NM, NV, OH, PA, SD, TN, TX, UT, VA, VT, WI, WY"
"Retail Bakery";"10100";"Baked Goods Stores";"AZ, CO, IA, ID, IL, IN, KS, KY, ME, MI, MN, MO, MT, ND, NE, NH, NM, NV, OH, PA, SD, TN, TX, UT, VA, VT, WI, WY"
"Commercial Bakery";"51315";"Retail Bakeries";"AZ, CO, IA, ID, IL, IN, KS, KY, ME, MI, MN, MO, MT, ND, NE, NH, NM, NV, OH, PA, SD, TN, TX, UT, VA, VT, WI, WY"
"Tortilla Manufacturing";"53374";"Breakfast Cereal Manufacturing";"AZ, CO, IA, ID, IL, IN, KS, KY, ME, MI, MN, MO, MT, ND, NE, NH, NM, NV, OH, PA, SD, TN, TX, UT, VA, VT, WI, WY"
"Coffee Roasting";"53374";"Breakfast Cereal Manufacturing";"AZ, CO, IA, ID, IL, IN, KS, KY, ME, MI, MN, MO, MT, ND, NE, NH, NM, NV, OH, PA, SD, TN, TX, UT, VA, VT, WI, WY"
"Flavoring Syrup and Concentrate Manufacturing";"59647";"Flavoring Syrup and Concentrate Manufacturing";"AZ, CO, IA, ID, IL, IN, KS, KY, ME, MI, MN, MO, MT, ND, NE, NH, NM, NV, OH, PA, SD, TN, TX, UT, VA, VT, WI, WY"
"Spice and Extract Manufacturing";"52911";"Extracts, food (except coffee, meat), manufacturing";"AZ, CO, IA, ID, IL, IN, KS, KY, ME, MI, MN, MO, MT, ND, NE, NH, NM, NV, OH, PA, SD, TN, TX, UT, VA, VT, WI, WY"
"Perishable Prepared Food Manufacturing";"53374";"Breakfast Cereal Manufacturing";"AZ, CO, IA, ID, IL, IN, KS, KY, ME, MI, MN, MO, MT, ND, NE, NH, NM, NV, OH, PA, SD, TN, TX, UT, VA, VT, WI, WY"
"Other Miscellaneous Food Manufacturing";"53374";"Breakfast Cereal Manufacturing";"AZ, CO, IA, ID, IL, IN, KS, KY, ME, MI, MN, MO, MT, ND, NE, NH, NM, NV, OH, PA, SD, TN, TX, UT, VA, VT, WI, WY"
"Soft Drink Manufacturing";"51355";"Soft Drink Manufacturing";"AZ, CO, IA, ID, IL, IN, KS, KY, ME, MI, MN, MO, MT, ND, NE, NH, NM, NV, OH, PA, SD, TN, TX, UT, VA, VT, WI, WY"
"Ice Manufacturing";"14405";"Ice Manufacturing";"AZ, CO, IA, ID, IL, IN, KS, KY, ME, MI, MN, MO, MT, ND, NE, NH, NM, NV, OH, PA, SD, TN, TX, UT, VA, VT, WI, WY"
"Winery";"59964";"Wineries";"AZ, CO, IA, ID, IL, IN, KS, KY, ME, MI, MN, MO, MT, ND, NE, NH, NM, NV, OH, PA, SD, TN, TX, UT, VA, VT, WI, WY"
"Distillery";"56488";"Distilleries";"AZ, CO, IA, ID, IL, IN, KS, KY, ME, MI, MN, MO, MT, ND, NE, NH, NM, NV, OH, PA, SD, TN, TX, UT, VA, VT, WI, WY"
"Throwing and Winding Mill";"53095";"Fiber, Yarn, and Thread Mills";"AZ, CO, IA, ID, IL, IN, KS, KY, ME, MI, MN, MO, MT, ND, NE, NH, NM, NV, OH, PA, SD, TN, TX, UT, VA, VT, WI, WY"
"Narrow Fabric Mill";"57410";"Narrow Fabric Mills and Schiffli Machine Embroidery";"AZ, CO, IA, ID, IL, IN, KS, KY, ME, MI, MN, MO, MT, ND, NE, NH, NM, NV, OH, PA, SD, TN, TX, UT, VA, VT, WI, WY"
"Textile Finishing Plant";"59722";"Textile and Fabric Finishing Mills";"AZ, CO, IA, ID, IL, IN, KS, KY, ME, MI, MN, MO, MT, ND, NE, NH, NM, NV, OH, PA, SD, TN, TX, UT, VA, VT, WI, WY"
"Non Rubberized Coated Fabric Mill";"59723";"Fabric Coating Mills";"AZ, CO, IA, ID, IL, IN, KS, KY, ME, MI, MN, MO, MT, ND, NE, NH, NM, NV, OH, PA, SD, TN, TX, UT, VA, VT, WI, WY"
"Carpet and Rug Mill";"51777";"Carpet and Rug Mills";"AZ, CO, IA, ID, IL, IN, KS, KY, ME, MI, MN, MO, MT, ND, NE, NH, NM, NV, OH, PA, SD, TN, TX, UT, VA, VT, WI, WY"
"Canvas and Related Products Mill";"58822";"Sails made from purchased fabrics";"AZ, CO, IA, ID, IL, IN, KS, KY, ME, MI, MN, MO, MT, ND, NE, NH, NM, NV, OH, PA, SD, TN, TX, UT, VA, VT, WI, WY"
"Clothing, Apparel, & Accessory Manufacturing";"51896";"Knit Fabric Mills";"AZ, CO, IA, ID, IL, IN, KS, KY, ME, MI, MN, MO, MT, ND, NE, NH, NM, NV, OH, PA, SD, TN, TX, UT, VA, VT, WI, WY"
"Footwear Manufacturing";"59005";"Footwear Manufacturing";"AZ, CO, IA, ID, IL, IN, KS, KY, ME, MI, MN, MO, MT, ND, NE, NH, NM, NV, OH, PA, SD, TN, TX, UT, VA, VT, WI, WY"
"Luggage Manufacturing";"59725";"Curtain and Linen Mills";"AZ, CO, IA, ID, IL, IN, KS, KY, ME, MI, MN, MO, MT, ND, NE, NH, NM, NV, OH, PA, SD, TN, TX, UT, VA, VT, WI, WY"
"Leather Good Manufacturing";"58802";"Crops, riding, manufacturing";"AZ, CO, IA, ID, IL, IN, KS, KY, ME, MI, MN, MO, MT, ND, NE, NH, NM, NV, OH, PA, SD, TN, TX, UT, VA, VT, WI, WY"
"Sawmill";"58873";"Rails, rough wood, manufacturing";"AZ, CO, IA, ID, IL, IN, KS, KY, ME, MI, MN, MO, MT, ND, NE, NH, NM, NV, OH, PA, SD, TN, TX, UT, VA, VT, WI, WY"
"Softwood Veneer and Plywood Manufacturing";"58302";"Hardwood Veneer and Plywood Manufacturing";"AZ, CO, IA, ID, IL, IN, KS, KY, ME, MI, MN, MO, MT, ND, NE, NH, NM, NV, OH, PA, SD, TN, TX, UT, VA, VT, WI, WY"
"Truss Manufacturing";"91343";"Truss Manufacturing";"AZ, CO, IA, ID, IL, IN, KS, KY, ME, MI, MN, MO, MT, ND, NE, NH, NM, NV, OH, PA, SD, TN, TX, UT, VA, VT, WI, WY"
"Wood Window and Door Manufacturing";"52315";"Engineered Wood Member (except Truss) Manufacturing";"AZ, CO, IA, ID, IL, IN, KS, KY, ME, MI, MN, MO, MT, ND, NE, NH, NM, NV, OH, PA, SD, TN, TX, UT, VA, VT, WI, WY"
"Wood Container Manufacturing";"51576";"Wood Container and Pallet Manufacturing";"AZ, CO, IA, ID, IL, IN, KS, KY, ME, MI, MN, MO, MT, ND, NE, NH, NM, NV, OH, PA, SD, TN, TX, UT, VA, VT, WI, WY"
"Prefabricated Wood Building Manufacturing";"57146";"Buildings, prefabricated, wood, manufacturing";"AZ, CO, IA, ID, IL, IN, KS, KY, ME, MI, MN, MO, MT, ND, NE, NH, NM, NV, OH, PA, SD, TN, TX, UT, VA, VT, WI, WY"
"Wood Products Manufacturing";"59985";"Reconstituted Wood Product Manufacturing";"AZ, CO, IA, ID, IL, IN, KS, KY, ME, MI, MN, MO, MT, ND, NE, NH, NM, NV, OH, PA, SD, TN, TX, UT, VA, VT, WI, WY"
"Non-Newsprint Paper Mill";"57726";"Paper (except Newsprint) Mills";"AZ, CO, IA, ID, IL, IN, KS, KY, ME, MI, MN, MO, MT, ND, NE, NH, NM, NV, OH, PA, SD, TN, TX, UT, VA, VT, WI, WY"
"Corrugated and Solid Fiber Box Manufacturing";"51575";"Corrugated and Solid Fiber Box Manufacturing";"AZ, CO, IA, ID, IL, IN, KS, KY, ME, MI, MN, MO, MT, ND, NE, NH, NM, NV, OH, PA, SD, TN, TX, UT, VA, VT, WI, WY"
"Die-cut Paper and Board Manufacturing";"50047";"Adhesive tape (except medical) made from purchased materials";"AZ, CO, IA, ID, IL, IN, KS, KY, ME, MI, MN, MO, MT, ND, NE, NH, NM, NV, OH, PA, SD, TN, TX, UT, VA, VT, WI, WY"
"Commercial Printing";"58408";"Commercial Printing (except Screen and Books)";"AZ, CO, IA, ID, IL, IN, KS, KY, ME, MI, MN, MO, MT, ND, NE, NH, NM, NV, OH, PA, SD, TN, TX, UT, VA, VT, WI, WY"
"Other Commercial Printing";"59722";"Textile and Fabric Finishing Mills";"AZ, CO, IA, ID, IL, IN, KS, KY, ME, MI, MN, MO, MT, ND, NE, NH, NM, NV, OH, PA, SD, TN, TX, UT, VA, VT, WI, WY"
"Signs and Advertising Specialties";"90089";"Outdoor Advertising";"AZ, CO, IA, ID, IL, IN, KS, KY, ME, MI, MN, MO, MT, ND, NE, NH, NM, NV, OH, PA, SD, TN, TX, UT, VA, VT, WI, WY"
"Bookbinding and Related Work";"51516";"Support Activities for Printing";"AZ, CO, IA, ID, IL, IN, KS, KY, ME, MI, MN, MO, MT, ND, NE, NH, NM, NV, OH, PA, SD, TN, TX, UT, VA, VT, WI, WY"
"Asphalt Paving Mixture and Block Manufacturing";"51241";"Asphalt Paving Mixture and Block Manufacturing";"AZ, CO, IA, ID, IL, IN, KS, KY, ME, MI, MN, MO, MT, ND, NE, NH, NM, NV, OH, PA, SD, TN, TX, UT, VA, VT, WI, WY"
"Asphalt Shingle and Coating Materials Manufacturing";"51240";"Asphalt Shingle and Coating Materials Manufacturing";"AZ, CO, IA, ID, IL, IN, KS, KY, ME, MI, MN, MO, MT, ND, NE, NH, NM, NV, OH, PA, SD, TN, TX, UT, VA, VT, WI, WY"
"Petroleum Lubricating Oil and Grease Manufacturing";"56567";"Petroleum Lubricating Oil and Grease Manufacturing";"AZ, CO, IA, ID, IL, IN, KS, KY, ME, MI, MN, MO, MT, ND, NE, NH, NM, NV, OH, PA, SD, TN, TX, UT, VA, VT, WI, WY"
"Other Industrial Organic Chemical Manufacturing";"51919";"Synthetic Dye and Pigment Manufacturing";"AZ, CO, IA, ID, IL, IN, KS, KY, ME, MI, MN, MO, MT, ND, NE, NH, NM, NV, OH, PA, SD, TN, TX, UT, VA, VT, WI, WY"
"Artificial and Synthetic Fibers and Filaments Manufacturing";"53096";"Manmade fiber thread manufacturing";"AZ, CO, IA, ID, IL, IN, KS, KY, ME, MI, MN, MO, MT, ND, NE, NH, NM, NV, OH, PA, SD, TN, TX, UT, VA, VT, WI, WY"
"Adhesive Manufacturing";"50045";"Adhesive Manufacturing";"AZ, CO, IA, ID, IL, IN, KS, KY, ME, MI, MN, MO, MT, ND, NE, NH, NM, NV, OH, PA, SD, TN, TX, UT, VA, VT, WI, WY"
"Polish and Other Sanitation Goods Manufacturing";"59931";"Beeswax polishes and waxes manufacturing";"AZ, CO, IA, ID, IL, IN, KS, KY, ME, MI, MN, MO, MT, ND, NE, NH, NM, NV, OH, PA, SD, TN, TX, UT, VA, VT, WI, WY"
"Toilet Preparation Manufacturing";"51970";"Toilet Preparation Manufacturing";"AZ, CO, IA, ID, IL, IN, KS, KY, ME, MI, MN, MO, MT, ND, NE, NH, NM, NV, OH, PA, SD, TN, TX, UT, VA, VT, WI, WY"
"Printing Ink Manufacturing";"55426";"Printing Ink Manufacturing";"AZ, CO, IA, ID, IL, IN, KS, KY, ME, MI, MN, MO, MT, ND, NE, NH, NM, NV, OH, PA, SD, TN, TX, UT, VA, VT, WI, WY"
"Photographic Film, Paper, Plate, and Chemical Manufacturing";"57999";"Photographic Film, Paper, Plate, and Chemical Manufacturing";"AZ, CO, IA, ID, IL, IN, KS, KY, ME, MI, MN, MO, MT, ND, NE, NH, NM, NV, OH, PA, SD, TN, TX, UT, VA, VT, WI, WY"
"Plastics Pipe and Pipe Fitting Manufacturing";"58010";"Plastics Pipe and Pipe Fitting Manufacturing";"AZ, CO, IA, ID, IL, IN, KS, KY, ME, MI, MN, MO, MT, ND, NE, NH, NM, NV, OH, PA, SD, TN, TX, UT, VA, VT, WI, WY"
"Urethane and Other Foam Product (Except Polystyrene) Manufacturing";"55716";"Excelsior (e.g., pads, wrappers) manufacturing";"AZ, CO, IA, ID, IL, IN, KS, KY, ME, MI, MN, MO, MT, ND, NE, NH, NM, NV, OH, PA, SD, TN, TX, UT, VA, VT, WI, WY"
"Plastics Bottle Manufacturing";"51553";"Plastics Bottle Manufacturing";"AZ, CO, IA, ID, IL, IN, KS, KY, ME, MI, MN, MO, MT, ND, NE, NH, NM, NV, OH, PA, SD, TN, TX, UT, VA, VT, WI, WY"
"Plastics Plumbing Fixture Manufacturing";"58095";"Plastics Plumbing Fixture Manufacturing";"AZ, CO, IA, ID, IL, IN, KS, KY, ME, MI, MN, MO, MT, ND, NE, NH, NM, NV, OH, PA, SD, TN, TX, UT, VA, VT, WI, WY"
"Other Plastic Product Manufacturing";"52402";"Drums, plastics (i.e., containers), manufacturing";"AZ, CO, IA, ID, IL, IN, KS, KY, ME, MI, MN, MO, MT, ND, NE, NH, NM, NV, OH, PA, SD, TN, TX, UT, VA, VT, WI, WY"
"Tire Manufacturing";"55597";"Inner tubes manufacturing";"AZ, CO, IA, ID, IL, IN, KS, KY, ME, MI, MN, MO, MT, ND, NE, NH, NM, NV, OH, PA, SD, TN, TX, UT, VA, VT, WI, WY"
"Rubber Product Manufacturing for Mechanical Use";"58058";"Plastics Packaging Film and Sheet (including Laminated) Manufacturing";"AZ, CO, IA, ID, IL, IN, KS, KY, ME, MI, MN, MO, MT, ND, NE, NH, NM, NV, OH, PA, SD, TN, TX, UT, VA, VT, WI, WY"
"Pottery Product Manufacturing";"51869";"Pottery, Ceramics, and Plumbing Fixture Manufacturing";"AZ, CO, IA, ID, IL, IN, KS, KY, ME, MI, MN, MO, MT, ND, NE, NH, NM, NV, OH, PA, SD, TN, TX, UT, VA, VT, WI, WY"
"Brick and Structural Clay Tile Manufacturing";"51600";"Adobe bricks manufacturing";"AZ, CO, IA, ID, IL, IN, KS, KY, ME, MI, MN, MO, MT, ND, NE, NH, NM, NV, OH, PA, SD, TN, TX, UT, VA, VT, WI, WY"
"Other Clay Building Material Product Manufacturing";"51877";"Clay and ceramic statuary manufacturing";"AZ, CO, IA, ID, IL, IN, KS, KY, ME, MI, MN, MO, MT, ND, NE, NH, NM, NV, OH, PA, SD, TN, TX, UT, VA, VT, WI, WY"
"Flat Glass Manufacturing";"54077";"Flat Glass Manufacturing";"AZ, CO, IA, ID, IL, IN, KS, KY, ME, MI, MN, MO, MT, ND, NE, NH, NM, NV, OH, PA, SD, TN, TX, UT, VA, VT, WI, WY"
"Pressed and Blown Glass Manufacturing";"53121";"Fibers, glass, textile, made in glass making plants";"AZ, CO, IA, ID, IL, IN, KS, KY, ME, MI, MN, MO, MT, ND, NE, NH, NM, NV, OH, PA, SD, TN, TX, UT, VA, VT, WI, WY"
"Glass Container Manufacturing";"51551";"Glass Container Manufacturing";"AZ, CO, IA, ID, IL, IN, KS, KY, ME, MI, MN, MO, MT, ND, NE, NH, NM, NV, OH, PA, SD, TN, TX, UT, VA, VT, WI, WY"
"Cement Manufacturing";"51809";"Cement Manufacturing";"AZ, CO, IA, ID, IL, IN, KS, KY, ME, MI, MN, MO, MT, ND, NE, NH, NM, NV, OH, PA, SD, TN, TX, UT, VA, VT, WI, WY"
"Ready-Mix Concrete Manufacturing";"51956";"Ready-Mix Concrete Manufacturing";"AZ, CO, IA, ID, IL, IN, KS, KY, ME, MI, MN, MO, MT, ND, NE, NH, NM, NV, OH, PA, SD, TN, TX, UT, VA, VT, WI, WY"
"Concrete Block and Brick Manufacturing";"51959";"Concrete Block and Brick Manufacturing";"AZ, CO, IA, ID, IL, IN, KS, KY, ME, MI, MN, MO, MT, ND, NE, NH, NM, NV, OH, PA, SD, TN, TX, UT, VA, VT, WI, WY"
"Other Concrete Product Manufacturing";"51958";"Other Concrete Product Manufacturing";"AZ, CO, IA, ID, IL, IN, KS, KY, ME, MI, MN, MO, MT, ND, NE, NH, NM, NV, OH, PA, SD, TN, TX, UT, VA, VT, WI, WY"
"Mineral Wool Manufacturing";"55715";"Mineral Wool Manufacturing";"AZ, CO, IA, ID, IL, IN, KS, KY, ME, MI, MN, MO, MT, ND, NE, NH, NM, NV, OH, PA, SD, TN, TX, UT, VA, VT, WI, WY"
"Other Miscellaneous Nonmetallic Mineral Product Manufacturing";"56980";"Mica products manufacturing";"AZ, CO, IA, ID, IL, IN, KS, KY, ME, MI, MN, MO, MT, ND, NE, NH, NM, NV, OH, PA, SD, TN, TX, UT, VA, VT, WI, WY"
"Electrometallurgical Product Manufacturing";"56919";"Iron and Steel Mills and Ferroalloy Manufacturing";"AZ, CO, IA, ID, IL, IN, KS, KY, ME, MI, MN, MO, MT, ND, NE, NH, NM, NV, OH, PA, SD, TN, TX, UT, VA, VT, WI, WY"
"Iron and Steel Pipe and Tube Manufacturing from Purchased Steel";"58009";"Iron and Steel Pipe and Tube Manufacturing from Purchased Steel";"AZ, CO, IA, ID, IL, IN, KS, KY, ME, MI, MN, MO, MT, ND, NE, NH, NM, NV, OH, PA, SD, TN, TX, UT, VA, VT, WI, WY"
"Nonferrous Die-Casting Foundry";"52137";"Nonferrous Metal Die-Casting Foundries";"AZ, CO, IA, ID, IL, IN, KS, KY, ME, MI, MN, MO, MT, ND, NE, NH, NM, NV, OH, PA, SD, TN, TX, UT, VA, VT, WI, WY"
"Other Nonferrous Metal Foundry";"53425";"Iron Foundries";"AZ, CO, IA, ID, IL, IN, KS, KY, ME, MI, MN, MO, MT, ND, NE, NH, NM, NV, OH, PA, SD, TN, TX, UT, VA, VT, WI, WY"
"Iron and Steel Forging";"53403";"Iron and Steel Forging";"AZ, CO, IA, ID, IL, IN, KS, KY, ME, MI, MN, MO, MT, ND, NE, NH, NM, NV, OH, PA, SD, TN, TX, UT, VA, VT, WI, WY"
"Metal Stamping (Except Automotive) Manufacturing";"56912";"Metal Crown, Closure, and Other Metal Stamping (except Automotive)";"AZ, CO, IA, ID, IL, IN, KS, KY, ME, MI, MN, MO, MT, ND, NE, NH, NM, NV, OH, PA, SD, TN, TX, UT, VA, VT, WI, WY"
"Non-Precious Metal Kitchen Cookware, Utensil, Cutlery, and Flatware Manufacturing";"51999";"Metal Kitchen Cookware, Utensil, Cutlery, and Flatware (except Precious) Manufacturing";"AZ, CO, IA, ID, IL, IN, KS, KY, ME, MI, MN, MO, MT, ND, NE, NH, NM, NV, OH, PA, SD, TN, TX, UT, VA, VT, WI, WY"
"Handtool Manufacturing";"59781";"Special Die and Tool, Die Set, Jig, and Fixture Manufacturing";"AZ, CO, IA, ID, IL, IN, KS, KY, ME, MI, MN, MO, MT, ND, NE, NH, NM, NV, OH, PA, SD, TN, TX, UT, VA, VT, WI, WY"
"Fabricated Structural Metal Manufacturing";"56915";"Bars, concrete reinforcing, manufacturing";"AZ, CO, IA, ID, IL, IN, KS, KY, ME, MI, MN, MO, MT, ND, NE, NH, NM, NV, OH, PA, SD, TN, TX, UT, VA, VT, WI, WY"
"Metal Door, Sash, and Trim Manufacturing";"52134";"Metal Window and Door Manufacturing";"AZ, CO, IA, ID, IL, IN, KS, KY, ME, MI, MN, MO, MT, ND, NE, NH, NM, NV, OH, PA, SD, TN, TX, UT, VA, VT, WI, WY"
"Sheet Metalwork Manufacturing";"58922";"Sheet Metal Work Manufacturing";"AZ, CO, IA, ID, IL, IN, KS, KY, ME, MI, MN, MO, MT, ND, NE, NH, NM, NV, OH, PA, SD, TN, TX, UT, VA, VT, WI, WY"
"Architectural Metalwork Manufacturing";"59914";"Bank fixtures, ornamental metal, manufacturing";"AZ, CO, IA, ID, IL, IN, KS, KY, ME, MI, MN, MO, MT, ND, NE, NH, NM, NV, OH, PA, SD, TN, TX, UT, VA, VT, WI, WY"
"Metal Tank (Heavy Gauge) Manufacturing";"59660";"Metal Tank (Heavy Gauge) Manufacturing";"AZ, CO, IA, ID, IL, IN, KS, KY, ME, MI, MN, MO, MT, ND, NE, NH, NM, NV, OH, PA, SD, TN, TX, UT, VA, VT, WI, WY"
"Metal Barrels, Drums, and Pail Manufacturing";"52401";"Other Metal Container Manufacturing";"AZ, CO, IA, ID, IL, IN, KS, KY, ME, MI, MN, MO, MT, ND, NE, NH, NM, NV, OH, PA, SD, TN, TX, UT, VA, VT, WI, WY"
"Steel Wire and Related Products Manufacturing";"57401";"Brads, metal, made from purchased wire";"AZ, CO, IA, ID, IL, IN, KS, KY, ME, MI, MN, MO, MT, ND, NE, NH, NM, NV, OH, PA, SD, TN, TX, UT, VA, VT, WI, WY"
"Other Fabricated Wire Product Manufacturing";"59977";"Cable, noninsulated wire, made from purchased wire";"AZ, CO, IA, ID, IL, IN, KS, KY, ME, MI, MN, MO, MT, ND, NE, NH, NM, NV, OH, PA, SD, TN, TX, UT, VA, VT, WI, WY"
"Machine Shop";"97220";"Machine Shops";"AZ, CO, IA, ID, IL, IN, KS, KY, ME, MI, MN, MO, MT, ND, NE, NH, NM, NV, OH, PA, SD, TN, TX, UT, VA, VT, WI, WY"
"Bolt, Nut, Screw, Rivet, and Washer Manufacturing";"51500";"Bolt, Nut, Screw, Rivet, and Washer Manufacturing";"AZ, CO, IA, ID, IL, IN, KS, KY, ME, MI, MN, MO, MT, ND, NE, NH, NM, NV, OH, PA, SD, TN, TX, UT, VA, VT, WI, WY"
"Metal Heat Treating";"56913";"Metal Heat Treating";"AZ, CO, IA, ID, IL, IN, KS, KY, ME, MI, MN, MO, MT, ND, NE, NH, NM, NV, OH, PA, SD, TN, TX, UT, VA, VT, WI, WY"
"Metal Coating, Engraving, and Allied Services to Manufacturers";"53803";"Metal Coating, Engraving (except Jewelry and Silverware), and Allied Services to Manufacturers";"AZ, CO, IA, ID, IL, IN, KS, KY, ME, MI, MN, MO, MT, ND, NE, NH, NM, NV, OH, PA, SD, TN, TX, UT, VA, VT, WI, WY"
"Electroplating, Plating, Polishing, Anodizing, and Coloring";"52547";"Electroplating, Plating, Polishing, Anodizing, and Coloring";"AZ, CO, IA, ID, IL, IN, KS, KY, ME, MI, MN, MO, MT, ND, NE, NH, NM, NV, OH, PA, SD, TN, TX, UT, VA, VT, WI, WY"
"Plumbing Fixture Fitting and Trim Manufacturing";"58096";"Plumbing Fixture Fitting and Trim Manufacturing";"AZ, CO, IA, ID, IL, IN, KS, KY, ME, MI, MN, MO, MT, ND, NE, NH, NM, NV, OH, PA, SD, TN, TX, UT, VA, VT, WI, WY"
"Ball and Roller Bearing Manufacturing";"51340";"Ball and Roller Bearing Manufacturing";"AZ, CO, IA, ID, IL, IN, KS, KY, ME, MI, MN, MO, MT, ND, NE, NH, NM, NV, OH, PA, SD, TN, TX, UT, VA, VT, WI, WY"
"Metal Foil and Leaf Manufacturing";"56910";"Aluminum Sheet, Plate, and Foil Manufacturing";"AZ, CO, IA, ID, IL, IN, KS, KY, ME, MI, MN, MO, MT, ND, NE, NH, NM, NV, OH, PA, SD, TN, TX, UT, VA, VT, WI, WY"
"Other Miscellaneous Fabricated Metal Product Manufacturing";"55918";"Chain ladders, metal, manufacturing";"AZ, CO, IA, ID, IL, IN, KS, KY, ME, MI, MN, MO, MT, ND, NE, NH, NM, NV, OH, PA, SD, TN, TX, UT, VA, VT, WI, WY"
"Farm Machinery and Equipment Manufacturing";"56651";"Farm Machinery and Equipment Manufacturing";"AZ, CO, IA, ID, IL, IN, KS, KY, ME, MI, MN, MO, MT, ND, NE, NH, NM, NV, OH, PA, SD, TN, TX, UT, VA, VT, WI, WY"
"Optical Instrument and Lens Manufacturing";"57600";"Optical Instrument and Lens Manufacturing";"AZ, CO, IA, ID, IL, IN, KS, KY, ME, MI, MN, MO, MT, ND, NE, NH, NM, NV, OH, PA, SD, TN, TX, UT, VA, VT, WI, WY"
"Photographic and Photocopying Equipment Manufacturing";"57998";"Photographic and Photocopying Equipment Manufacturing";"AZ, CO, IA, ID, IL, IN, KS, KY, ME, MI, MN, MO, MT, ND, NE, NH, NM, NV, OH, PA, SD, TN, TX, UT, VA, VT, WI, WY"
"Other Office Machines Manufacturing";"57572";"Adding machines manufacturing";"AZ, CO, IA, ID, IL, IN, KS, KY, ME, MI, MN, MO, MT, ND, NE, NH, NM, NV, OH, PA, SD, TN, TX, UT, VA, VT, WI, WY"
"Automatic Vending Machine Manufacturing";"59915";"Car washing machinery manufacturing";"AZ, CO, IA, ID, IL, IN, KS, KY, ME, MI, MN, MO, MT, ND, NE, NH, NM, NV, OH, PA, SD, TN, TX, UT, VA, VT, WI, WY"
"Non-Electric Heating Equipment (Except Warm Air Furnaces) Manufacturing";"51220";"Cooking equipment (i.e., fryers, microwave ovens, ovens, ranges), commercial-type, manufacturing";"AZ, CO, IA, ID, IL, IN, KS, KY, ME, MI, MN, MO, MT, ND, NE, NH, NM, NV, OH, PA, SD, TN, TX, UT, VA, VT, WI, WY"
"Air-Conditioning and Warm Air Heating Equipment & Commercial and Industrial Refrigeration Equipment";"51116";"Air-Conditioning and Warm Air Heating Equipment and Commercial and Industrial Refrigeration Equipment Manufacturing";"AZ, CO, IA, ID, IL, IN, KS, KY, ME, MI, MN, MO, MT, ND, NE, NH, NM, NV, OH, PA, SD, TN, TX, UT, VA, VT, WI, WY"
"Special Die and Tool, Die Set, Jig, and Fixture Manufacturing";"59781";"Special Die and Tool, Die Set, Jig, and Fixture Manufacturing";"AZ, CO, IA, ID, IL, IN, KS, KY, ME, MI, MN, MO, MT, ND, NE, NH, NM, NV, OH, PA, SD, TN, TX, UT, VA, VT, WI, WY"
"Other Metalworking Machinery Manufacturing";"56653";"Rolling Mill and Other Metalworking Machinery Manufacturing";"AZ, CO, IA, ID, IL, IN, KS, KY, ME, MI, MN, MO, MT, ND, NE, NH, NM, NV, OH, PA, SD, TN, TX, UT, VA, VT, WI, WY"
"Internal Combustion Engine Manufacturing";"52619";"Turbine and Turbine Generator Set Units Manufacturing";"AZ, CO, IA, ID, IL, IN, KS, KY, ME, MI, MN, MO, MT, ND, NE, NH, NM, NV, OH, PA, SD, TN, TX, UT, VA, VT, WI, WY"
"Elevator and Moving Stairway Manufacturing";"52581";"Elevator and Moving Stairway Manufacturing";"AZ, CO, IA, ID, IL, IN, KS, KY, ME, MI, MN, MO, MT, ND, NE, NH, NM, NV, OH, PA, SD, TN, TX, UT, VA, VT, WI, WY"
"Electronic Computer Manufacturing";"51941";"Electronic Computer Manufacturing";"AZ, CO, IA, ID, IL, IN, KS, KY, ME, MI, MN, MO, MT, ND, NE, NH, NM, NV, OH, PA, SD, TN, TX, UT, VA, VT, WI, WY"
"Telephone Apparatus Manufacturing";"59695";"Telephone Apparatus Manufacturing";"AZ, CO, IA, ID, IL, IN, KS, KY, ME, MI, MN, MO, MT, ND, NE, NH, NM, NV, OH, PA, SD, TN, TX, UT, VA, VT, WI, WY"
"Other Communications Equipment Manufacturing";"51205";"Automotive theft alarm systems manufacturing";"AZ, CO, IA, ID, IL, IN, KS, KY, ME, MI, MN, MO, MT, ND, NE, NH, NM, NV, OH, PA, SD, TN, TX, UT, VA, VT, WI, WY"
"Household Audio and Video Equipment Manufacturing";"51927";"Audio and Video Equipment Manufacturing";"AZ, CO, IA, ID, IL, IN, KS, KY, ME, MI, MN, MO, MT, ND, NE, NH, NM, NV, OH, PA, SD, TN, TX, UT, VA, VT, WI, WY"
"Semiconductor and Related Device Manufacturing";"52432";"Small Electrical Appliance Manufacturing";"AZ, CO, IA, ID, IL, IN, KS, KY, ME, MI, MN, MO, MT, ND, NE, NH, NM, NV, OH, PA, SD, TN, TX, UT, VA, VT, WI, WY"
"Electron Tube Manufacturing";"59701";"Television picture tubes manufacturing";"AZ, CO, IA, ID, IL, IN, KS, KY, ME, MI, MN, MO, MT, ND, NE, NH, NM, NV, OH, PA, SD, TN, TX, UT, VA, VT, WI, WY"
"Other Electronic Component Manufacturing";"52469";"Semiconductor and Related Device Manufacturing";"AZ, CO, IA, ID, IL, IN, KS, KY, ME, MI, MN, MO, MT, ND, NE, NH, NM, NV, OH, PA, SD, TN, TX, UT, VA, VT, WI, WY"
"Electromedical and Electrotherapeutic Apparatus Manufacturing";"56808";"Electromedical and Electrotherapeutic Apparatus Manufacturing";"AZ, CO, IA, ID, IL, IN, KS, KY, ME, MI, MN, MO, MT, ND, NE, NH, NM, NV, OH, PA, SD, TN, TX, UT, VA, VT, WI, WY"
"Other Measuring and Controlling Device Manufacturing";"55647";"Instruments and Related Products Manufacturing for Measuring, Displaying, and Controlling Industrial Process Variables";"AZ, CO, IA, ID, IL, IN, KS, KY, ME, MI, MN, MO, MT, ND, NE, NH, NM, NV, OH, PA, SD, TN, TX, UT, VA, VT, WI, WY"
"Blank Magnetic and Optical Recording Media Manufacturing";"51927";"Audio and Video Equipment Manufacturing";"AZ, CO, IA, ID, IL, IN, KS, KY, ME, MI, MN, MO, MT, ND, NE, NH, NM, NV, OH, PA, SD, TN, TX, UT, VA, VT, WI, WY"
"Software and Other Prerecorded Compact Disc, Tape, and Record Reproducing";"58627";"Software and Other Prerecorded Compact Disc, Tape, and Record Reproducing";"AZ, CO, IA, ID, IL, IN, KS, KY, ME, MI, MN, MO, MT, ND, NE, NH, NM, NV, OH, PA, SD, TN, TX, UT, VA, VT, WI, WY"
"Residential Electric Lighting Fixture Manufacturing";"56041";"Desk lamps, residential, electric, manufacturing";"AZ, CO, IA, ID, IL, IN, KS, KY, ME, MI, MN, MO, MT, ND, NE, NH, NM, NV, OH, PA, SD, TN, TX, UT, VA, VT, WI, WY"
"Other Lighting Equipment Manufacturing";"56391";"Residential Electric Lighting Fixture Manufacturing";"AZ, CO, IA, ID, IL, IN, KS, KY, ME, MI, MN, MO, MT, ND, NE, NH, NM, NV, OH, PA, SD, TN, TX, UT, VA, VT, WI, WY"
"Power, Distribution, and Specialty Transformer Manufacturing";"52440";"Power, Distribution, and Specialty Transformer Manufacturing";"AZ, CO, IA, ID, IL, IN, KS, KY, ME, MI, MN, MO, MT, ND, NE, NH, NM, NV, OH, PA, SD, TN, TX, UT, VA, VT, WI, WY"
"Motor and Generator Manufacturing";"52435";"Motor and Generator Manufacturing";"AZ, CO, IA, ID, IL, IN, KS, KY, ME, MI, MN, MO, MT, ND, NE, NH, NM, NV, OH, PA, SD, TN, TX, UT, VA, VT, WI, WY"
"Other Communication and Energy Wire Manufacturing";"52467";"Fiber Optic Cable Manufacturing";"AZ, CO, IA, ID, IL, IN, KS, KY, ME, MI, MN, MO, MT, ND, NE, NH, NM, NV, OH, PA, SD, TN, TX, UT, VA, VT, WI, WY"
"Current-Carrying Wiring Device Manufacturing";"52438";"Automatic Environmental Control Manufacturing for Residential, Commercial, and Appliance Use";"AZ, CO, IA, ID, IL, IN, KS, KY, ME, MI, MN, MO, MT, ND, NE, NH, NM, NV, OH, PA, SD, TN, TX, UT, VA, VT, WI, WY"
"Other Miscellaneous Electrical Equipment and Component Manufacturing";"51221";"Beauty and barber shop equipment (except chairs) manufacturing";"AZ, CO, IA, ID, IL, IN, KS, KY, ME, MI, MN, MO, MT, ND, NE, NH, NM, NV, OH, PA, SD, TN, TX, UT, VA, VT, WI, WY"
"Automobile Manufacturing";"51255";"Automobile Manufacturing";"AZ, CO, IA, ID, IL, IN, KS, KY, ME, MI, MN, MO, MT, ND, NE, NH, NM, NV, OH, PA, SD, TN, TX, UT, VA, VT, WI, WY"
"Light Truck and Utility Vehicle Manufacturing";"59806";"Heavy Duty Truck Manufacturing";"AZ, CO, IA, ID, IL, IN, KS, KY, ME, MI, MN, MO, MT, ND, NE, NH, NM, NV, OH, PA, SD, TN, TX, UT, VA, VT, WI, WY"
"Heavy Duty Truck Manufacturing";"51625";"Buses (except trackless trolley) assembling on chassis of own manufacture";"AZ, CO, IA, ID, IL, IN, KS, KY, ME, MI, MN, MO, MT, ND, NE, NH, NM, NV, OH, PA, SD, TN, TX, UT, VA, VT, WI, WY"
"Other Motor Vehicle Parts Manufacturing";"51252";"Motor Vehicle Seating and Interior Trim Manufacturing";"AZ, CO, IA, ID, IL, IN, KS, KY, ME, MI, MN, MO, MT, ND, NE, NH, NM, NV, OH, PA, SD, TN, TX, UT, VA, VT, WI, WY"
"Motorcycle, Bicycle, and Parts Manufacturing";"51370";"Bicycles and parts manufacturing";"AZ, CO, IA, ID, IL, IN, KS, KY, ME, MI, MN, MO, MT, ND, NE, NH, NM, NV, OH, PA, SD, TN, TX, UT, VA, VT, WI, WY"
"Nonupholstered Wood Household Furniture Manufacturing";"53731";"Cradles, wood, manufacturing";"AZ, CO, IA, ID, IL, IN, KS, KY, ME, MI, MN, MO, MT, ND, NE, NH, NM, NV, OH, PA, SD, TN, TX, UT, VA, VT, WI, WY"
"Metal Household Furniture Manufacturing";"53732";"Upholstered Household Furniture Manufacturing";"AZ, CO, IA, ID, IL, IN, KS, KY, ME, MI, MN, MO, MT, ND, NE, NH, NM, NV, OH, PA, SD, TN, TX, UT, VA, VT, WI, WY"
"Mattress Manufacturing";"56699";"Box spring frames manufacturing";"AZ, CO, IA, ID, IL, IN, KS, KY, ME, MI, MN, MO, MT, ND, NE, NH, NM, NV, OH, PA, SD, TN, TX, UT, VA, VT, WI, WY"
"Blind and Shade Manufacturing";"59917";"Venetian blinds manufacturing";"AZ, CO, IA, ID, IL, IN, KS, KY, ME, MI, MN, MO, MT, ND, NE, NH, NM, NV, OH, PA, SD, TN, TX, UT, VA, VT, WI, WY"
"Surgical and Medical Instrument Manufacturing";"56807";"Surgical and Medical Instrument Manufacturing";"AZ, CO, IA, ID, IL, IN, KS, KY, ME, MI, MN, MO, MT, ND, NE, NH, NM, NV, OH, PA, SD, TN, TX, UT, VA, VT, WI, WY"
"Ophthalmic Goods Manufacturing";"51960";"Contact lenses manufacturing";"AZ, CO, IA, ID, IL, IN, KS, KY, ME, MI, MN, MO, MT, ND, NE, NH, NM, NV, OH, PA, SD, TN, TX, UT, VA, VT, WI, WY"
"Dental Laboratory";"12014";"Dental Laboratories";"AZ, CO, IA, ID, IL, IN, KS, KY, ME, MI, MN, MO, MT, ND, NE, NH, NM, NV, OH, PA, SD, TN, TX, UT, VA, VT, WI, WY"
"Precious Metal Jewlery Manufacturing";"55802";"Bracelets, precious metal, manufacturing";"AZ, CO, IA, ID, IL, IN, KS, KY, ME, MI, MN, MO, MT, ND, NE, NH, NM, NV, OH, PA, SD, TN, TX, UT, VA, VT, WI, WY"
"Jewel Cutting, Polishing, or Engraving";"54012";"Diamond cutting and polishing";"AZ, CO, IA, ID, IL, IN, KS, KY, ME, MI, MN, MO, MT, ND, NE, NH, NM, NV, OH, PA, SD, TN, TX, UT, VA, VT, WI, WY"
"Other Sporting and Athletic Goods Manufacturing";"51380";"Billiard equipment and supplies manufacturing";"AZ, CO, IA, ID, IL, IN, KS, KY, ME, MI, MN, MO, MT, ND, NE, NH, NM, NV, OH, PA, SD, TN, TX, UT, VA, VT, WI, WY"
"Pen and Mechanical Pencil Manufacturing";"57871";"Artist's paint manufacturing";"AZ, CO, IA, ID, IL, IN, KS, KY, ME, MI, MN, MO, MT, ND, NE, NH, NM, NV, OH, PA, SD, TN, TX, UT, VA, VT, WI, WY"
"Stamp and Marking Device Manufacturing";"58759";"Date stamps, hand operated, manufacturing";"AZ, CO, IA, ID, IL, IN, KS, KY, ME, MI, MN, MO, MT, ND, NE, NH, NM, NV, OH, PA, SD, TN, TX, UT, VA, VT, WI, WY"
"Inked Ribbon Manufacturing";"51767";"Carbon paper manufacturing";"AZ, CO, IA, ID, IL, IN, KS, KY, ME, MI, MN, MO, MT, ND, NE, NH, NM, NV, OH, PA, SD, TN, TX, UT, VA, VT, WI, WY"
"Sign Manufacturing";"59057";"Displays (e.g., counter, floor, point-of-purchase) manufacturing";"AZ, CO, IA, ID, IL, IN, KS, KY, ME, MI, MN, MO, MT, ND, NE, NH, NM, NV, OH, PA, SD, TN, TX, UT, VA, VT, WI, WY"
"Fastener, Button, Needle, and Pin Manufacturing";"51666";"Buttons, precious metal, precious stones, semiprecious stones, manufacturing";"AZ, CO, IA, ID, IL, IN, KS, KY, ME, MI, MN, MO, MT, ND, NE, NH, NM, NV, OH, PA, SD, TN, TX, UT, VA, VT, WI, WY"
"Broom, Brush, and Mop Manufacturing";"51613";"Broom, Brush, and Mop Manufacturing";"AZ, CO, IA, ID, IL, IN, KS, KY, ME, MI, MN, MO, MT, ND, NE, NH, NM, NV, OH, PA, SD, TN, TX, UT, VA, VT, WI, WY"
"Burial Casket Manufacturing";"51900";"Burial vaults, concrete and precast terrazzo, manufacturing";"AZ, CO, IA, ID, IL, IN, KS, KY, ME, MI, MN, MO, MT, ND, NE, NH, NM, NV, OH, PA, SD, TN, TX, UT, VA, VT, WI, WY"
"Other Miscellaneous Manufacturing";"55649";"Irradiation Apparatus Manufacturing";"AZ, CO, IA, ID, IL, IN, KS, KY, ME, MI, MN, MO, MT, ND, NE, NH, NM, NV, OH, PA, SD, TN, TX, UT, VA, VT, WI, WY"
"Motor Vehicle Supplies and New Parts Merchant Wholesaler";"10070";"Motor Vehicle Supplies and New Parts Merchant Wholesalers";"AZ, CO, IA, ID, IL, IN, KS, KY, ME, MI, MN, MO, MT, ND, NE, NH, NM, NV, OH, PA, SD, TN, TX, UT, VA, VT, WI, WY"
"Tire & Tube Wholesaler";"18616";"Tire and Tube Merchant Wholesalers";"AZ, CO, IA, ID, IL, IN, KS, KY, ME, MI, MN, MO, MT, ND, NE, NH, NM, NV, OH, PA, SD, TN, TX, UT, VA, VT, WI, WY"
"Furniture Wholesaler";"12362";"Ophthalmic Goods Merchant Wholesalers";"AZ, CO, IA, ID, IL, IN, KS, KY, ME, MI, MN, MO, MT, ND, NE, NH, NM, NV, OH, PA, SD, TN, TX, UT, VA, VT, WI, WY"
"Home Furnishing Merchant Wholesaler";"18437";"Home Furnishing Merchant Wholesalers";"AZ, CO, IA, ID, IL, IN, KS, KY, ME, MI, MN, MO, MT, ND, NE, NH, NM, NV, OH, PA, SD, TN, TX, UT, VA, VT, WI, WY"
"Lumber, Plywood, Millwork, and Wood Panel Merchant Wholesaler";"45819";"Fencing, wood, merchant wholesalers";"AZ, CO, IA, ID, IL, IN, KS, KY, ME, MI, MN, MO, MT, ND, NE, NH, NM, NV, OH, PA, SD, TN, TX, UT, VA, VT, WI, WY"
"Construction Material Wholesaler";"10257";"Brick, Stone, and Related Construction Material Merchant Wholesalers";"AZ, CO, IA, ID, IL, IN, KS, KY, ME, MI, MN, MO, MT, ND, NE, NH, NM, NV, OH, PA, SD, TN, TX, UT, VA, VT, WI, WY"
"Photographic Equipment and Supplies Merchant Wholesaler";"12362";"Ophthalmic Goods Merchant Wholesalers";"AZ, CO, IA, ID, IL, IN, KS, KY, ME, MI, MN, MO, MT, ND, NE, NH, NM, NV, OH, PA, SD, TN, TX, UT, VA, VT, WI, WY"
"Office Equipment Merchant Wholesaler";"12362";"Ophthalmic Goods Merchant Wholesalers";"AZ, CO, IA, ID, IL, IN, KS, KY, ME, MI, MN, MO, MT, ND, NE, NH, NM, NV, OH, PA, SD, TN, TX, UT, VA, VT, WI, WY"
"Medical, Dental, and Hospital Equipment and Supplies Merchant Wholesaler";"12362";"Ophthalmic Goods Merchant Wholesalers";"AZ, CO, IA, ID, IL, IN, KS, KY, ME, MI, MN, MO, MT, ND, NE, NH, NM, NV, OH, PA, SD, TN, TX, UT, VA, VT, WI, WY"
"Ophthalmic Goods Merchant Wholesaler";"12362";"Ophthalmic Goods Merchant Wholesalers";"AZ, CO, IA, ID, IL, IN, KS, KY, ME, MI, MN, MO, MT, ND, NE, NH, NM, NV, OH, PA, SD, TN, TX, UT, VA, VT, WI, WY"
"Metal Service Center and Other Metal Merchant Wholesaler";"15405";"Metal Service Centers and Other Metal Merchant Wholesalers";"AZ, CO, IA, ID, IL, IN, KS, KY, ME, MI, MN, MO, MT, ND, NE, NH, NM, NV, OH, PA, SD, TN, TX, UT, VA, VT, WI, WY"
"Electrical Apparatus and Equipment, Wiring Supplies, and Related Equipment Merchant Wholesaler";"12391";"Electrical Apparatus and Equipment, Wiring Supplies, and Related Equipment Merchant Wholesalers";"AZ, CO, IA, ID, IL, IN, KS, KY, ME, MI, MN, MO, MT, ND, NE, NH, NM, NV, OH, PA, SD, TN, TX, UT, VA, VT, WI, WY"
"Household Appliances, Electric Housewares, and Consumer Electronics Merchant Wholesaler";"10040";"Household Appliances, Electric Housewares, and Consumer Electronics Merchant Wholesalers";"AZ, CO, IA, ID, IL, IN, KS, KY, ME, MI, MN, MO, MT, ND, NE, NH, NM, NV, OH, PA, SD, TN, TX, UT, VA, VT, WI, WY"
"Electronic Parts & Equipment Wholesaler";"12393";"Electronics Stores";"AZ, CO, IA, ID, IL, IN, KS, KY, ME, MI, MN, MO, MT, ND, NE, NH, NM, NV, OH, PA, SD, TN, TX, UT, VA, VT, WI, WY"
"Hardware Wholesaler";"13715";"Hardware Merchant Wholesalers";"AZ, CO, IA, ID, IL, IN, KS, KY, ME, MI, MN, MO, MT, ND, NE, NH, NM, NV, OH, PA, SD, TN, TX, UT, VA, VT, WI, WY"
"Plumbing and Heating Equipment and Supplies (Hydronics) Merchant Wholesaler";"16527";"Plumbing and Heating Equipment and Supplies (Hydronics) Merchant Wholesalers";"AZ, CO, IA, ID, IL, IN, KS, KY, ME, MI, MN, MO, MT, ND, NE, NH, NM, NV, OH, PA, SD, TN, TX, UT, VA, VT, WI, WY"
"Warm Air Heating and Air-Conditioning Equipment and Supplies Merchant Wholesaler";"10010";"Air-conditioning equipment (except room units) merchant wholesalers";"AZ, CO, IA, ID, IL, IN, KS, KY, ME, MI, MN, MO, MT, ND, NE, NH, NM, NV, OH, PA, SD, TN, TX, UT, VA, VT, WI, WY"
"Refrigeration Equipment and Supplies Merchant Wholesaler";"16705";"Refrigeration Equipment and Supplies Merchant Wholesalers";"AZ, CO, IA, ID, IL, IN, KS, KY, ME, MI, MN, MO, MT, ND, NE, NH, NM, NV, OH, PA, SD, TN, TX, UT, VA, VT, WI, WY"
"Service Establishment Equipment and Supplies Merchant Wholesaler";"14527";"Service Establishment Equipment and Supplies Merchant Wholesalers";"AZ, CO, IA, ID, IL, IN, KS, KY, ME, MI, MN, MO, MT, ND, NE, NH, NM, NV, OH, PA, SD, TN, TX, UT, VA, VT, WI, WY"
"Transportation Equipment and Supplies (except Motor Vehicle) Merchant Wholesaler";"12362";"Ophthalmic Goods Merchant Wholesalers";"AZ, CO, IA, ID, IL, IN, KS, KY, ME, MI, MN, MO, MT, ND, NE, NH, NM, NV, OH, PA, SD, TN, TX, UT, VA, VT, WI, WY"
"Sporting and Recreational Goods and Supplies Merchant Wholesaler";"12362";"Ophthalmic Goods Merchant Wholesalers";"AZ, CO, IA, ID, IL, IN, KS, KY, ME, MI, MN, MO, MT, ND, NE, NH, NM, NV, OH, PA, SD, TN, TX, UT, VA, VT, WI, WY"
"Toy and Hobby Goods and Supplies Merchant Wholesaler";"12362";"Ophthalmic Goods Merchant Wholesalers";"AZ, CO, IA, ID, IL, IN, KS, KY, ME, MI, MN, MO, MT, ND, NE, NH, NM, NV, OH, PA, SD, TN, TX, UT, VA, VT, WI, WY"
"Jewelry, Watch, Precious Stone or Metal Wholesaler";"14655";"Jewelry, Watch, Precious Stone, and Precious Metal Merchant Wholesalers";"AZ, CO, IA, ID, IL, IN, KS, KY, ME, MI, MN, MO, MT, ND, NE, NH, NM, NV, OH, PA, SD, TN, TX, UT, VA, VT, WI, WY"
"Other Miscellaneous Durable Goods Merchant Wholesaler";"12362";"Ophthalmic Goods Merchant Wholesalers";"AZ, CO, IA, ID, IL, IN, KS, KY, ME, MI, MN, MO, MT, ND, NE, NH, NM, NV, OH, PA, SD, TN, TX, UT, VA, VT, WI, WY"
"Stationery and Office Supplies Merchant Wholesaler";"12362";"Ophthalmic Goods Merchant Wholesalers";"AZ, CO, IA, ID, IL, IN, KS, KY, ME, MI, MN, MO, MT, ND, NE, NH, NM, NV, OH, PA, SD, TN, TX, UT, VA, VT, WI, WY"
"Industrial and Personal Service Paper Merchant Wholesaler";"16005";"Printing and Writing Paper Merchant Wholesalers";"AZ, CO, IA, ID, IL, IN, KS, KY, ME, MI, MN, MO, MT, ND, NE, NH, NM, NV, OH, PA, SD, TN, TX, UT, VA, VT, WI, WY"
"Piece Goods, Notions, and Other Dry Goods Merchant Wholesaler";"12509";"Fabrics, textile (except burlap, felt), merchant wholesalers";"AZ, CO, IA, ID, IL, IN, KS, KY, ME, MI, MN, MO, MT, ND, NE, NH, NM, NV, OH, PA, SD, TN, TX, UT, VA, VT, WI, WY"
"Women's, Children's, and Infants' Clothing and Accessories Merchant Wholesaler";"11126";"Men's and Boys' Clothing and Furnishings Merchant Wholesalers";"AZ, CO, IA, ID, IL, IN, KS, KY, ME, MI, MN, MO, MT, ND, NE, NH, NM, NV, OH, PA, SD, TN, TX, UT, VA, VT, WI, WY"
"Grocery Wholesaler";"13670";"General Line Grocery Merchant Wholesalers";"AZ, CO, IA, ID, IL, IN, KS, KY, ME, MI, MN, MO, MT, ND, NE, NH, NM, NV, OH, PA, SD, TN, TX, UT, VA, VT, WI, WY"
"Dairy Product Wholesaler";"57001";"Dairy Product (except Dried or Canned) Merchant Wholesalers";"AZ, CO, IA, ID, IL, IN, KS, KY, ME, MI, MN, MO, MT, ND, NE, NH, NM, NV, OH, PA, SD, TN, TX, UT, VA, VT, WI, WY"
"Confectionery Merchant Wholesaler";"12361";"Confectionery Merchant Wholesalers";"AZ, CO, IA, ID, IL, IN, KS, KY, ME, MI, MN, MO, MT, ND, NE, NH, NM, NV, OH, PA, SD, TN, TX, UT, VA, VT, WI, WY"
"Meat and Meat Product Merchant Wholesaler";"15223";"Poultry and Poultry Product Merchant Wholesalers";"AZ, CO, IA, ID, IL, IN, KS, KY, ME, MI, MN, MO, MT, ND, NE, NH, NM, NV, OH, PA, SD, TN, TX, UT, VA, VT, WI, WY"
"Other Grocery and Related Products Merchant Wholesaler";"12361";"Confectionery Merchant Wholesalers";"AZ, CO, IA, ID, IL, IN, KS, KY, ME, MI, MN, MO, MT, ND, NE, NH, NM, NV, OH, PA, SD, TN, TX, UT, VA, VT, WI, WY"
"Other Farm Product Raw Material Merchant Wholesaler";"11248";"Animal hair, wool, or mohair merchant wholesalers";"AZ, CO, IA, ID, IL, IN, KS, KY, ME, MI, MN, MO, MT, ND, NE, NH, NM, NV, OH, PA, SD, TN, TX, UT, VA, VT, WI, WY"
"Plastics Materials and Basic Forms and Shapes Merchant Wholesaler";"16501";"Plastics Materials and Basic Forms and Shapes Merchant Wholesalers";"AZ, CO, IA, ID, IL, IN, KS, KY, ME, MI, MN, MO, MT, ND, NE, NH, NM, NV, OH, PA, SD, TN, TX, UT, VA, VT, WI, WY"
"Wine & Alcohol Wholesaler";"10140";"Wine and Distilled Alcoholic Beverage Merchant Wholesalers";"AZ, CO, IA, ID, IL, IN, KS, KY, ME, MI, MN, MO, MT, ND, NE, NH, NM, NV, OH, PA, SD, TN, TX, UT, VA, VT, WI, WY"
"Book, Periodical, and Newspaper Merchant Wholesaler";"12362";"Ophthalmic Goods Merchant Wholesalers";"AZ, CO, IA, ID, IL, IN, KS, KY, ME, MI, MN, MO, MT, ND, NE, NH, NM, NV, OH, PA, SD, TN, TX, UT, VA, VT, WI, WY"
"Tobacco and Tobacco Product Merchant Wholesaler";"18707";"Leaf tobacco merchant wholesalers";"AZ, CO, IA, ID, IL, IN, KS, KY, ME, MI, MN, MO, MT, ND, NE, NH, NM, NV, OH, PA, SD, TN, TX, UT, VA, VT, WI, WY"
"Paint, Varnish, and Supplies Merchant Wholesaler";"12362";"Ophthalmic Goods Merchant Wholesalers";"AZ, CO, IA, ID, IL, IN, KS, KY, ME, MI, MN, MO, MT, ND, NE, NH, NM, NV, OH, PA, SD, TN, TX, UT, VA, VT, WI, WY"
"Miscellaneous Goods Wholesaler";"12362";"Ophthalmic Goods Merchant Wholesalers";"AZ, CO, IA, ID, IL, IN, KS, KY, ME, MI, MN, MO, MT, ND, NE, NH, NM, NV, OH, PA, SD, TN, TX, UT, VA, VT, WI, WY"
"Automotive Parts and Accessories Store";"10071";"Automotive Parts and Accessories Stores";"AZ, CO, IA, ID, IL, IN, KS, KY, ME, MI, MN, MO, MT, ND, NE, NH, NM, NV, OH, PA, SD, TN, TX, UT, VA, VT, WI, WY"
"Tire Dealer";"18616";"Tire and Tube Merchant Wholesalers";"AZ, CO, IA, ID, IL, IN, KS, KY, ME, MI, MN, MO, MT, ND, NE, NH, NM, NV, OH, PA, SD, TN, TX, UT, VA, VT, WI, WY"
"Furniture Store";"13351";"Furniture Merchant Wholesalers";"AZ, CO, IA, ID, IL, IN, KS, KY, ME, MI, MN, MO, MT, ND, NE, NH, NM, NV, OH, PA, SD, TN, TX, UT, VA, VT, WI, WY"
"Floor Covering Store";"12805";"Floor Covering Stores";"AZ, CO, IA, ID, IL, IN, KS, KY, ME, MI, MN, MO, MT, ND, NE, NH, NM, NV, OH, PA, SD, TN, TX, UT, VA, VT, WI, WY"
"Window Treatment Store";"18437";"Home Furnishing Merchant Wholesalers";"AZ, CO, IA, ID, IL, IN, KS, KY, ME, MI, MN, MO, MT, ND, NE, NH, NM, NV, OH, PA, SD, TN, TX, UT, VA, VT, WI, WY"
"Other Home Furnishings Store";"13351";"Furniture Merchant Wholesalers";"AZ, CO, IA, ID, IL, IN, KS, KY, ME, MI, MN, MO, MT, ND, NE, NH, NM, NV, OH, PA, SD, TN, TX, UT, VA, VT, WI, WY"
"Household Appliance Store";"10042";"Household Appliance Stores";"AZ, CO, IA, ID, IL, IN, KS, KY, ME, MI, MN, MO, MT, ND, NE, NH, NM, NV, OH, PA, SD, TN, TX, UT, VA, VT, WI, WY"
"Radio, Television, and Electronics Store";"12393";"Electronics Stores";"AZ, CO, IA, ID, IL, IN, KS, KY, ME, MI, MN, MO, MT, ND, NE, NH, NM, NV, OH, PA, SD, TN, TX, UT, VA, VT, WI, WY"
"Camera and Photographic Supply Store";"10309";"Photographic Equipment and Supplies Merchant Wholesalers";"AZ, CO, IA, ID, IL, IN, KS, KY, ME, MI, MN, MO, MT, ND, NE, NH, NM, NV, OH, PA, SD, TN, TX, UT, VA, VT, WI, WY"
"Home Center";"14279";"Home Centers";"AZ, CO, IA, ID, IL, IN, KS, KY, ME, MI, MN, MO, MT, ND, NE, NH, NM, NV, OH, PA, SD, TN, TX, UT, VA, VT, WI, WY"
"Paint & Wallpaper Store";"15991";"Paint and Wallpaper Stores";"AZ, CO, IA, ID, IL, IN, KS, KY, ME, MI, MN, MO, MT, ND, NE, NH, NM, NV, OH, PA, SD, TN, TX, UT, VA, VT, WI, WY"
"Hardware Store";"13716";"Hardware Stores";"AZ, CO, IA, ID, IL, IN, KS, KY, ME, MI, MN, MO, MT, ND, NE, NH, NM, NV, OH, PA, SD, TN, TX, UT, VA, VT, WI, WY"
"Lumber and Other Building Materials Dealer";"10255";"Lumber, Plywood, Millwork, and Wood Panel Merchant Wholesalers";"AZ, CO, IA, ID, IL, IN, KS, KY, ME, MI, MN, MO, MT, ND, NE, NH, NM, NV, OH, PA, SD, TN, TX, UT, VA, VT, WI, WY"
"Nursery and Garden Center Supply Store";"18437";"Home Furnishing Merchant Wholesalers";"AZ, CO, IA, ID, IL, IN, KS, KY, ME, MI, MN, MO, MT, ND, NE, NH, NM, NV, OH, PA, SD, TN, TX, UT, VA, VT, WI, WY"
"Supermarket or Grocery Store";"13673";"Supermarkets and Other Grocery (except Convenience) Stores";"AZ, CO, IA, ID, IL, IN, KS, KY, ME, MI, MN, MO, MT, ND, NE, NH, NM, NV, OH, PA, SD, TN, TX, UT, VA, VT, WI, WY"
"Convenience Store";"13673";"Supermarkets and Other Grocery (except Convenience) Stores";"AZ, CO, IA, ID, IL, IN, KS, KY, ME, MI, MN, MO, MT, ND, NE, NH, NM, NV, OH, PA, SD, TN, TX, UT, VA, VT, WI, WY"
"Meat Market";"15224";"Meat Markets";"AZ, CO, IA, ID, IL, IN, KS, KY, ME, MI, MN, MO, MT, ND, NE, NH, NM, NV, OH, PA, SD, TN, TX, UT, VA, VT, WI, WY"
"Fruit and Vegetable Market";"13111";"Fruit and Vegetable Markets";"AZ, CO, IA, ID, IL, IN, KS, KY, ME, MI, MN, MO, MT, ND, NE, NH, NM, NV, OH, PA, SD, TN, TX, UT, VA, VT, WI, WY"
"Candy, Nut, and Confectionery Store";"10352";"Confectionery and Nut Stores";"AZ, CO, IA, ID, IL, IN, KS, KY, ME, MI, MN, MO, MT, ND, NE, NH, NM, NV, OH, PA, SD, TN, TX, UT, VA, VT, WI, WY"
"Other Specialty Food Store";"13720";"Food (Health) Supplement Stores";"AZ, CO, IA, ID, IL, IN, KS, KY, ME, MI, MN, MO, MT, ND, NE, NH, NM, NV, OH, PA, SD, TN, TX, UT, VA, VT, WI, WY"
"Liquor Store";"10145";"Duty free liquor shops";"AZ, CO, IA, ID, IL, IN, KS, KY, ME, MI, MN, MO, MT, ND, NE, NH, NM, NV, OH, PA, SD, TN, TX, UT, VA, VT, WI, WY"
"Cosmetics, Beauty Supplies, and Perfume Store";"11234";"Cosmetics, Beauty Supplies, and Perfume Stores";"AZ, CO, IA, ID, IL, IN, KS, KY, ME, MI, MN, MO, MT, ND, NE, NH, NM, NV, OH, PA, SD, TN, TX, UT, VA, VT, WI, WY"
"Optical Goods Store";"15839";"Optical Goods Stores";"AZ, CO, IA, ID, IL, IN, KS, KY, ME, MI, MN, MO, MT, ND, NE, NH, NM, NV, OH, PA, SD, TN, TX, UT, VA, VT, WI, WY"
"Other Health and Personal Care Store";"13759";"Hearing aid stores";"AZ, CO, IA, ID, IL, IN, KS, KY, ME, MI, MN, MO, MT, ND, NE, NH, NM, NV, OH, PA, SD, TN, TX, UT, VA, VT, WI, WY"
"Gasoline Station with Convenience Store";"13673";"Supermarkets and Other Grocery (except Convenience) Stores";"AZ, CO, IA, ID, IL, IN, KS, KY, ME, MI, MN, MO, MT, ND, NE, NH, NM, NV, OH, PA, SD, TN, TX, UT, VA, VT, WI, WY"
"Gasoline Station";"13454";"Other Gasoline Stations";"AZ, CO, IA, ID, IL, IN, KS, KY, ME, MI, MN, MO, MT, ND, NE, NH, NM, NV, OH, PA, SD, TN, TX, UT, VA, VT, WI, WY"
"Clothing Store";"11127";"Men's Clothing Stores";"AZ, CO, IA, ID, IL, IN, KS, KY, ME, MI, MN, MO, MT, ND, NE, NH, NM, NV, OH, PA, SD, TN, TX, UT, VA, VT, WI, WY"
"Shoe Store";"18110";"Shoe Stores";"AZ, CO, IA, ID, IL, IN, KS, KY, ME, MI, MN, MO, MT, ND, NE, NH, NM, NV, OH, PA, SD, TN, TX, UT, VA, VT, WI, WY"
"Jewelry Store";"14655";"Jewelry, Watch, Precious Stone, and Precious Metal Merchant Wholesalers";"AZ, CO, IA, ID, IL, IN, KS, KY, ME, MI, MN, MO, MT, ND, NE, NH, NM, NV, OH, PA, SD, TN, TX, UT, VA, VT, WI, WY"
"Luggage and Leather Goods Store";"18437";"Home Furnishing Merchant Wholesalers";"AZ, CO, IA, ID, IL, IN, KS, KY, ME, MI, MN, MO, MT, ND, NE, NH, NM, NV, OH, PA, SD, TN, TX, UT, VA, VT, WI, WY"
"Hobby, Toy, and Game Store";"14101";"Hobby, Toy, and Game Stores";"AZ, CO, IA, ID, IL, IN, KS, KY, ME, MI, MN, MO, MT, ND, NE, NH, NM, NV, OH, PA, SD, TN, TX, UT, VA, VT, WI, WY"
"Sewing, Needlework, and Piece Goods Store";"12510";"Sewing, Needlework, and Piece Goods Stores";"AZ, CO, IA, ID, IL, IN, KS, KY, ME, MI, MN, MO, MT, ND, NE, NH, NM, NV, OH, PA, SD, TN, TX, UT, VA, VT, WI, WY"
"Musical Instrument and Supplies Store";"15538";"Musical Instrument and Supplies Stores";"AZ, CO, IA, ID, IL, IN, KS, KY, ME, MI, MN, MO, MT, ND, NE, NH, NM, NV, OH, PA, SD, TN, TX, UT, VA, VT, WI, WY"
"Book Store";"10204";"Book Stores";"AZ, CO, IA, ID, IL, IN, KS, KY, ME, MI, MN, MO, MT, ND, NE, NH, NM, NV, OH, PA, SD, TN, TX, UT, VA, VT, WI, WY"
"News Dealer and Newsstand";"15608";"News Dealers and Newsstands";"AZ, CO, IA, ID, IL, IN, KS, KY, ME, MI, MN, MO, MT, ND, NE, NH, NM, NV, OH, PA, SD, TN, TX, UT, VA, VT, WI, WY"
"Florist";"12841";"Flower, Nursery Stock, and Florists' Supplies Merchant Wholesalers";"AZ, CO, IA, ID, IL, IN, KS, KY, ME, MI, MN, MO, MT, ND, NE, NH, NM, NV, OH, PA, SD, TN, TX, UT, VA, VT, WI, WY"
"Gift, Novelty, and Souvenir Store";"13506";"Gift, Novelty, and Souvenir Stores";"AZ, CO, IA, ID, IL, IN, KS, KY, ME, MI, MN, MO, MT, ND, NE, NH, NM, NV, OH, PA, SD, TN, TX, UT, VA, VT, WI, WY"
"Used Merchandise Store";"10026";"Antique home furnishings merchant wholesalers";"AZ, CO, IA, ID, IL, IN, KS, KY, ME, MI, MN, MO, MT, ND, NE, NH, NM, NV, OH, PA, SD, TN, TX, UT, VA, VT, WI, WY"
"Pet and Pet Supplies Store";"16403";"Pet and Pet Supplies Stores";"AZ, CO, IA, ID, IL, IN, KS, KY, ME, MI, MN, MO, MT, ND, NE, NH, NM, NV, OH, PA, SD, TN, TX, UT, VA, VT, WI, WY"
"Art Dealer";"10065";"Art Dealers";"AZ, CO, IA, ID, IL, IN, KS, KY, ME, MI, MN, MO, MT, ND, NE, NH, NM, NV, OH, PA, SD, TN, TX, UT, VA, VT, WI, WY"
"Tobacco Store";"18708";"Tobacco Stores";"AZ, CO, IA, ID, IL, IN, KS, KY, ME, MI, MN, MO, MT, ND, NE, NH, NM, NV, OH, PA, SD, TN, TX, UT, VA, VT, WI, WY"
"Other Miscellaneous Store Retailer";"91179";"Auction houses (general merchandise)";"AZ, CO, IA, ID, IL, IN, KS, KY, ME, MI, MN, MO, MT, ND, NE, NH, NM, NV, OH, PA, SD, TN, TX, UT, VA, VT, WI, WY"
"Fuel Oil Dealer";"13204";"Fuel oil (i.e., heating) dealers, direct selling";"AZ, CO, IA, ID, IL, IN, KS, KY, ME, MI, MN, MO, MT, ND, NE, NH, NM, NV, OH, PA, SD, TN, TX, UT, VA, VT, WI, WY"
"Other Fuel Dealer";"13201";"Coal and Other Mineral and Ore Merchant Wholesalers";"AZ, CO, IA, ID, IL, IN, KS, KY, ME, MI, MN, MO, MT, ND, NE, NH, NM, NV, OH, PA, SD, TN, TX, UT, VA, VT, WI, WY"
"Other Direct Selling Establishments";"18437";"Home Furnishing Merchant Wholesalers";"AZ, CO, IA, ID, IL, IN, KS, KY, ME, MI, MN, MO, MT, ND, NE, NH, NM, NV, OH, PA, SD, TN, TX, UT, VA, VT, WI, WY"
"Local General Freight Trucking Without Storage";"99793";"Motor Vehicle Towing";"AZ, CO, IA, ID, IL, IN, KS, KY, ME, MI, MN, MO, MT, ND, NE, NH, NM, NV, OH, PA, SD, TN, TX, UT, VA, VT, WI, WY"
"Long-Distance General Freight Trucking, Truckload";"99793";"Motor Vehicle Towing";"AZ, CO, IA, ID, IL, IN, KS, KY, ME, MI, MN, MO, MT, ND, NE, NH, NM, NV, OH, PA, SD, TN, TX, UT, VA, VT, WI, WY"
"Local Specialized Freight (Except Used Goods) Trucking Without Storage";"99793";"Motor Vehicle Towing";"AZ, CO, IA, ID, IL, IN, KS, KY, ME, MI, MN, MO, MT, ND, NE, NH, NM, NV, OH, PA, SD, TN, TX, UT, VA, VT, WI, WY"
"Long Distance Specialized Freight (Except Used Goods) Trucking";"99793";"Motor Vehicle Towing";"AZ, CO, IA, ID, IL, IN, KS, KY, ME, MI, MN, MO, MT, ND, NE, NH, NM, NV, OH, PA, SD, TN, TX, UT, VA, VT, WI, WY"
"Motor Vehicle Towing";"99793";"Motor Vehicle Towing";"AZ, CO, IA, ID, IL, IN, KS, KY, ME, MI, MN, MO, MT, ND, NE, NH, NM, NV, OH, PA, SD, TN, TX, UT, VA, VT, WI, WY"
"Non-Air Couriers and Express Delivery Services";"94099";"Couriers and Express Delivery Services";"AZ, CO, IA, ID, IL, IN, KS, KY, ME, MI, MN, MO, MT, ND, NE, NH, NM, NV, OH, PA, SD, TN, TX, UT, VA, VT, WI, WY"
"Local Messengers and Local Delivery";"94099";"Couriers and Express Delivery Services";"AZ, CO, IA, ID, IL, IN, KS, KY, ME, MI, MN, MO, MT, ND, NE, NH, NM, NV, OH, PA, SD, TN, TX, UT, VA, VT, WI, WY"
"General Warehousing and Storage";"99938";"General Warehousing and Storage";"AZ, CO, IA, ID, IL, IN, KS, KY, ME, MI, MN, MO, MT, ND, NE, NH, NM, NV, OH, PA, SD, TN, TX, UT, VA, VT, WI, WY"
"Newspaper Publisher";"58458";"Newspaper Publishers";"AZ, CO, IA, ID, IL, IN, KS, KY, ME, MI, MN, MO, MT, ND, NE, NH, NM, NV, OH, PA, SD, TN, TX, UT, VA, VT, WI, WY"
"Periodical Publisher";"58456";"Periodical Publishers";"AZ, CO, IA, ID, IL, IN, KS, KY, ME, MI, MN, MO, MT, ND, NE, NH, NM, NV, OH, PA, SD, TN, TX, UT, VA, VT, WI, WY"
"Software Publisher";"51942";"Software Publishers";"AZ, CO, IA, ID, IL, IN, KS, KY, ME, MI, MN, MO, MT, ND, NE, NH, NM, NV, OH, PA, SD, TN, TX, UT, VA, VT, WI, WY"
"Motion Picture and Video Tape Distribution";"98091";"Motion Picture and Video Distribution";"AZ, CO, IA, ID, IL, IN, KS, KY, ME, MI, MN, MO, MT, ND, NE, NH, NM, NV, OH, PA, SD, TN, TX, UT, VA, VT, WI, WY"
"Teleproduction and Other Postproduction Services";"99620";"Teleproduction and Other Postproduction Services";"AZ, CO, IA, ID, IL, IN, KS, KY, ME, MI, MN, MO, MT, ND, NE, NH, NM, NV, OH, PA, SD, TN, TX, UT, VA, VT, WI, WY"
"Sound Recording Studio";"47103";"Sound Recording Studios";"AZ, CO, IA, ID, IL, IN, KS, KY, ME, MI, MN, MO, MT, ND, NE, NH, NM, NV, OH, PA, SD, TN, TX, UT, VA, VT, WI, WY"
"Cable and Other Subscription Programming";"91315";"Cable and Other Subscription Programming";"AZ, CO, IA, ID, IL, IN, KS, KY, ME, MI, MN, MO, MT, ND, NE, NH, NM, NV, OH, PA, SD, TN, TX, UT, VA, VT, WI, WY"
"Data Processing, Hosting, and Related Services";"43151";"Data Processing, Hosting, and Related Services";"AZ, CO, IA, ID, IL, IN, KS, KY, ME, MI, MN, MO, MT, ND, NE, NH, NM, NV, OH, PA, SD, TN, TX, UT, VA, VT, WI, WY"
"Library and/or Archive";"66309";"Libraries and Archives";"AZ, CO, IA, ID, IL, IN, KS, KY, ME, MI, MN, MO, MT, ND, NE, NH, NM, NV, OH, PA, SD, TN, TX, UT, VA, VT, WI, WY"
"State Commercial Bank";"61223";"Monetary Authorities-Central Bank";"AZ, CO, IA, ID, IL, IN, KS, KY, ME, MI, MN, MO, MT, ND, NE, NH, NM, NV, OH, PA, SD, TN, TX, UT, VA, VT, WI, WY"
"Other Commercial Bank";"61223";"Monetary Authorities-Central Bank";"AZ, CO, IA, ID, IL, IN, KS, KY, ME, MI, MN, MO, MT, ND, NE, NH, NM, NV, OH, PA, SD, TN, TX, UT, VA, VT, WI, WY"
"Federal Savings Institution";"61223";"Monetary Authorities-Central Bank";"AZ, CO, IA, ID, IL, IN, KS, KY, ME, MI, MN, MO, MT, ND, NE, NH, NM, NV, OH, PA, SD, TN, TX, UT, VA, VT, WI, WY"
"Federal Credit Union";"61223";"Monetary Authorities-Central Bank";"AZ, CO, IA, ID, IL, IN, KS, KY, ME, MI, MN, MO, MT, ND, NE, NH, NM, NV, OH, PA, SD, TN, TX, UT, VA, VT, WI, WY"
"State Credit Union";"61223";"Monetary Authorities-Central Bank";"AZ, CO, IA, ID, IL, IN, KS, KY, ME, MI, MN, MO, MT, ND, NE, NH, NM, NV, OH, PA, SD, TN, TX, UT, VA, VT, WI, WY"
"Consumer Lending";"61223";"Monetary Authorities-Central Bank";"AZ, CO, IA, ID, IL, IN, KS, KY, ME, MI, MN, MO, MT, ND, NE, NH, NM, NV, OH, PA, SD, TN, TX, UT, VA, VT, WI, WY"
"Mortgage and Nonmortgage Loan Broker";"61223";"Monetary Authorities-Central Bank";"AZ, CO, IA, ID, IL, IN, KS, KY, ME, MI, MN, MO, MT, ND, NE, NH, NM, NV, OH, PA, SD, TN, TX, UT, VA, VT, WI, WY"
"Securities Brokerage";"61223";"Monetary Authorities-Central Bank";"AZ, CO, IA, ID, IL, IN, KS, KY, ME, MI, MN, MO, MT, ND, NE, NH, NM, NV, OH, PA, SD, TN, TX, UT, VA, VT, WI, WY"
"Insurance Carrier";"45334";"Insurance Agencies and Brokerages";"AZ, CO, IA, ID, IL, IN, KS, KY, ME, MI, MN, MO, MT, ND, NE, NH, NM, NV, OH, PA, SD, TN, TX, UT, VA, VT, WI, WY"
"Insurance Agency/Brokerage";"45334";"Insurance Agencies and Brokerages";"AZ, CO, IA, ID, IL, IN, KS, KY, ME, MI, MN, MO, MT, ND, NE, NH, NM, NV, OH, PA, SD, TN, TX, UT, VA, VT, WI, WY"
"Lessors of Residential Buildings and Dwellings - Not Apartments";"63010";"Building, residential, rental or leasing";"AZ, CO, IA, ID, IL, IN, KS, KY, ME, MI, MN, MO, MT, ND, NE, NH, NM, NV, OH, PA, SD, TN, TX, UT, VA, VT, WI, WY"
"Lessors of Nonresidential Buildings";"61212";"Building, nonresidential (except miniwarehouse), rental or leasing";"AZ, CO, IA, ID, IL, IN, KS, KY, ME, MI, MN, MO, MT, ND, NE, NH, NM, NV, OH, PA, SD, TN, TX, UT, VA, VT, WI, WY"
"Lessors of Other Real Estate Property";"45539";"Agricultural property rental or leasing";"AZ, CO, IA, ID, IL, IN, KS, KY, ME, MI, MN, MO, MT, ND, NE, NH, NM, NV, OH, PA, SD, TN, TX, UT, VA, VT, WI, WY"
"Real Estate Agent/Broker";"47050";"Offices of Real Estate Agents and Brokers";"AZ, CO, IA, ID, IL, IN, KS, KY, ME, MI, MN, MO, MT, ND, NE, NH, NM, NV, OH, PA, SD, TN, TX, UT, VA, VT, WI, WY"
"Residential Property Manager";"47052";"Residential Property Managers";"AZ, CO, IA, ID, IL, IN, KS, KY, ME, MI, MN, MO, MT, ND, NE, NH, NM, NV, OH, PA, SD, TN, TX, UT, VA, VT, WI, WY"
"Real Estate Appraiser";"96317";"Claims Adjusting";"AZ, CO, IA, ID, IL, IN, KS, KY, ME, MI, MN, MO, MT, ND, NE, NH, NM, NV, OH, PA, SD, TN, TX, UT, VA, VT, WI, WY"
"Office Machinery and Equipment Rental and Leasing";"16723";"Office Machinery and Equipment Rental and Leasing";"AZ, CO, IA, ID, IL, IN, KS, KY, ME, MI, MN, MO, MT, ND, NE, NH, NM, NV, OH, PA, SD, TN, TX, UT, VA, VT, WI, WY"
"Law Office";"66122";"Offices of Lawyers";"AZ, CO, IA, ID, IL, IN, KS, KY, ME, MI, MN, MO, MT, ND, NE, NH, NM, NV, OH, PA, SD, TN, TX, UT, VA, VT, WI, WY"
"Notary Public";"41677";"Other Accounting Services";"AZ, CO, IA, ID, IL, IN, KS, KY, ME, MI, MN, MO, MT, ND, NE, NH, NM, NV, OH, PA, SD, TN, TX, UT, VA, VT, WI, WY"
"Other Legal Services";"66122";"Offices of Lawyers";"AZ, CO, IA, ID, IL, IN, KS, KY, ME, MI, MN, MO, MT, ND, NE, NH, NM, NV, OH, PA, SD, TN, TX, UT, VA, VT, WI, WY"
"Accounting";"41677";"Other Accounting Services";"AZ, CO, IA, ID, IL, IN, KS, KY, ME, MI, MN, MO, MT, ND, NE, NH, NM, NV, OH, PA, SD, TN, TX, UT, VA, VT, WI, WY"
"Tax Preparation Services";"41677";"Other Accounting Services";"AZ, CO, IA, ID, IL, IN, KS, KY, ME, MI, MN, MO, MT, ND, NE, NH, NM, NV, OH, PA, SD, TN, TX, UT, VA, VT, WI, WY"
"Payroll Services";"61226";"Direct Life Insurance Carriers";"AZ, CO, IA, ID, IL, IN, KS, KY, ME, MI, MN, MO, MT, ND, NE, NH, NM, NV, OH, PA, SD, TN, TX, UT, VA, VT, WI, WY"
"Other Accounting Services";"41677";"Other Accounting Services";"AZ, CO, IA, ID, IL, IN, KS, KY, ME, MI, MN, MO, MT, ND, NE, NH, NM, NV, OH, PA, SD, TN, TX, UT, VA, VT, WI, WY"
"Architectural Services";"92663";"Architectural Services";"AZ, CO, IA, ID, IL, IN, KS, KY, ME, MI, MN, MO, MT, ND, NE, NH, NM, NV, OH, PA, SD, TN, TX, UT, VA, VT, WI, WY"
"Landscape Architectural Services";"92663";"Architectural Services";"AZ, CO, IA, ID, IL, IN, KS, KY, ME, MI, MN, MO, MT, ND, NE, NH, NM, NV, OH, PA, SD, TN, TX, UT, VA, VT, WI, WY"
"Engineering Services";"92663";"Architectural Services";"AZ, CO, IA, ID, IL, IN, KS, KY, ME, MI, MN, MO, MT, ND, NE, NH, NM, NV, OH, PA, SD, TN, TX, UT, VA, VT, WI, WY"
"Drafting Services";"91805";"Drafting Services";"AZ, CO, IA, ID, IL, IN, KS, KY, ME, MI, MN, MO, MT, ND, NE, NH, NM, NV, OH, PA, SD, TN, TX, UT, VA, VT, WI, WY"
"Surveying and Mapping (Except Geophysical) Services";"99471";"Surveying and Mapping (except Geophysical) Services";"AZ, CO, IA, ID, IL, IN, KS, KY, ME, MI, MN, MO, MT, ND, NE, NH, NM, NV, OH, PA, SD, TN, TX, UT, VA, VT, WI, WY"
"Interior Design Services";"96611";"Interior Design Services";"AZ, CO, IA, ID, IL, IN, KS, KY, ME, MI, MN, MO, MT, ND, NE, NH, NM, NV, OH, PA, SD, TN, TX, UT, VA, VT, WI, WY"
"Industrial Design Services";"92663";"Architectural Services";"AZ, CO, IA, ID, IL, IN, KS, KY, ME, MI, MN, MO, MT, ND, NE, NH, NM, NV, OH, PA, SD, TN, TX, UT, VA, VT, WI, WY"
"Other Specialized Design Services";"49840";"Mannequin decorating services";"AZ, CO, IA, ID, IL, IN, KS, KY, ME, MI, MN, MO, MT, ND, NE, NH, NM, NV, OH, PA, SD, TN, TX, UT, VA, VT, WI, WY"
"Marketing Consulting Services";"41677";"Other Accounting Services";"AZ, CO, IA, ID, IL, IN, KS, KY, ME, MI, MN, MO, MT, ND, NE, NH, NM, NV, OH, PA, SD, TN, TX, UT, VA, VT, WI, WY"
"Advertising Agency";"41677";"Other Accounting Services";"AZ, CO, IA, ID, IL, IN, KS, KY, ME, MI, MN, MO, MT, ND, NE, NH, NM, NV, OH, PA, SD, TN, TX, UT, VA, VT, WI, WY"
"Public Relations Agency";"41677";"Other Accounting Services";"AZ, CO, IA, ID, IL, IN, KS, KY, ME, MI, MN, MO, MT, ND, NE, NH, NM, NV, OH, PA, SD, TN, TX, UT, VA, VT, WI, WY"
"Outdoor Advertising";"90089";"Outdoor Advertising";"AZ, CO, IA, ID, IL, IN, KS, KY, ME, MI, MN, MO, MT, ND, NE, NH, NM, NV, OH, PA, SD, TN, TX, UT, VA, VT, WI, WY"
"Portrait Photography Studio";"16471";"Photography Studios, Portrait";"AZ, CO, IA, ID, IL, IN, KS, KY, ME, MI, MN, MO, MT, ND, NE, NH, NM, NV, OH, PA, SD, TN, TX, UT, VA, VT, WI, WY"
"Photography";"16471";"Photography Studios, Portrait";"AZ, CO, IA, ID, IL, IN, KS, KY, ME, MI, MN, MO, MT, ND, NE, NH, NM, NV, OH, PA, SD, TN, TX, UT, VA, VT, WI, WY"
"Veterinary Services";"99851";"Veterinary Services";"AZ, CO, IA, ID, IL, IN, KS, KY, ME, MI, MN, MO, MT, ND, NE, NH, NM, NV, OH, PA, SD, TN, TX, UT, VA, VT, WI, WY"
"Other Professional, Scientific, and Technical Services";"47367";"Securities Brokerage";"AZ, CO, IA, ID, IL, IN, KS, KY, ME, MI, MN, MO, MT, ND, NE, NH, NM, NV, OH, PA, SD, TN, TX, UT, VA, VT, WI, WY"
"Office Administrative Services";"61226";"Direct Life Insurance Carriers";"AZ, CO, IA, ID, IL, IN, KS, KY, ME, MI, MN, MO, MT, ND, NE, NH, NM, NV, OH, PA, SD, TN, TX, UT, VA, VT, WI, WY"
"Professional Employer Organization";"47367";"Securities Brokerage";"AZ, CO, IA, ID, IL, IN, KS, KY, ME, MI, MN, MO, MT, ND, NE, NH, NM, NV, OH, PA, SD, TN, TX, UT, VA, VT, WI, WY"
"Private Mail Center";"15070";"Private Mail Centers";"AZ, CO, IA, ID, IL, IN, KS, KY, ME, MI, MN, MO, MT, ND, NE, NH, NM, NV, OH, PA, SD, TN, TX, UT, VA, VT, WI, WY"
"Printing & Duplicating Services";"11222";"Other Business Service Centers (including Copy Shops)";"AZ, CO, IA, ID, IL, IN, KS, KY, ME, MI, MN, MO, MT, ND, NE, NH, NM, NV, OH, PA, SD, TN, TX, UT, VA, VT, WI, WY"
"Travel Agency";"68439";"Concert ticket offices";"AZ, CO, IA, ID, IL, IN, KS, KY, ME, MI, MN, MO, MT, ND, NE, NH, NM, NV, OH, PA, SD, TN, TX, UT, VA, VT, WI, WY"
"Locksmith";"14913";"Locksmiths";"AZ, CO, IA, ID, IL, IN, KS, KY, ME, MI, MN, MO, MT, ND, NE, NH, NM, NV, OH, PA, SD, TN, TX, UT, VA, VT, WI, WY"
"Janitorial Services";"96816";"Cleaning building interiors during and immediately after construction";"AZ, CO, IA, ID, IL, IN, KS, KY, ME, MI, MN, MO, MT, ND, NE, NH, NM, NV, OH, PA, SD, TN, TX, UT, VA, VT, WI, WY"
"Landscaping Services";"97047";"Artificial turf installation";"AZ, CO, IA, ID, IL, IN, KS, KY, ME, MI, MN, MO, MT, ND, NE, NH, NM, NV, OH, PA, SD, TN, TX, UT, VA, VT, WI, WY"
"Lawn and Garden Services";"97047";"Artificial turf installation";"AZ, CO, IA, ID, IL, IN, KS, KY, ME, MI, MN, MO, MT, ND, NE, NH, NM, NV, OH, PA, SD, TN, TX, UT, VA, VT, WI, WY"
"Ornamental Shrub and Tree Services";"97047";"Artificial turf installation";"AZ, CO, IA, ID, IL, IN, KS, KY, ME, MI, MN, MO, MT, ND, NE, NH, NM, NV, OH, PA, SD, TN, TX, UT, VA, VT, WI, WY"
"Carpet and Upholstery Cleaning Services";"91405";"Carpet and Upholstery Cleaning Services";"AZ, CO, IA, ID, IL, IN, KS, KY, ME, MI, MN, MO, MT, ND, NE, NH, NM, NV, OH, PA, SD, TN, TX, UT, VA, VT, WI, WY"
"Other Services to Buildings and Dwellings";"96816";"Cleaning building interiors during and immediately after construction";"AZ, CO, IA, ID, IL, IN, KS, KY, ME, MI, MN, MO, MT, ND, NE, NH, NM, NV, OH, PA, SD, TN, TX, UT, VA, VT, WI, WY"
"Packaging and Labeling Services";"15070";"Private Mail Centers";"AZ, CO, IA, ID, IL, IN, KS, KY, ME, MI, MN, MO, MT, ND, NE, NH, NM, NV, OH, PA, SD, TN, TX, UT, VA, VT, WI, WY"
"Solid Waste Collection";"95233";"Solid Waste Collection";"AZ, CO, IA, ID, IL, IN, KS, KY, ME, MI, MN, MO, MT, ND, NE, NH, NM, NV, OH, PA, SD, TN, TX, UT, VA, VT, WI, WY"
"Septic Tank Installation & Cleaning";"98805";"Septic Tank and Related Services";"AZ, CO, IA, ID, IL, IN, KS, KY, ME, MI, MN, MO, MT, ND, NE, NH, NM, NV, OH, PA, SD, TN, TX, UT, VA, VT, WI, WY"
"Other Waste Management Services";"95233";"Solid Waste Collection";"AZ, CO, IA, ID, IL, IN, KS, KY, ME, MI, MN, MO, MT, ND, NE, NH, NM, NV, OH, PA, SD, TN, TX, UT, VA, VT, WI, WY"
"Private Colleges, Universities, and Professional Schools";"67508";"Junior Colleges";"AZ, CO, IA, ID, IL, IN, KS, KY, ME, MI, MN, MO, MT, ND, NE, NH, NM, NV, OH, PA, SD, TN, TX, UT, VA, VT, WI, WY"
"Business and Secretarial Schools";"47474";"Computer Training";"AZ, CO, IA, ID, IL, IN, KS, KY, ME, MI, MN, MO, MT, ND, NE, NH, NM, NV, OH, PA, SD, TN, TX, UT, VA, VT, WI, WY"
"Professional and Management Development Training";"41677";"Other Accounting Services";"AZ, CO, IA, ID, IL, IN, KS, KY, ME, MI, MN, MO, MT, ND, NE, NH, NM, NV, OH, PA, SD, TN, TX, UT, VA, VT, WI, WY"
"Cosmetology School";"47474";"Computer Training";"AZ, CO, IA, ID, IL, IN, KS, KY, ME, MI, MN, MO, MT, ND, NE, NH, NM, NV, OH, PA, SD, TN, TX, UT, VA, VT, WI, WY"
"Technical and/or Trade School";"47474";"Computer Training";"AZ, CO, IA, ID, IL, IN, KS, KY, ME, MI, MN, MO, MT, ND, NE, NH, NM, NV, OH, PA, SD, TN, TX, UT, VA, VT, WI, WY"
"Exam Preparation and Tutoring";"67512";"Academies, elementary or secondary";"AZ, CO, IA, ID, IL, IN, KS, KY, ME, MI, MN, MO, MT, ND, NE, NH, NM, NV, OH, PA, SD, TN, TX, UT, VA, VT, WI, WY"
"Automobile Driving School";"67512";"Academies, elementary or secondary";"AZ, CO, IA, ID, IL, IN, KS, KY, ME, MI, MN, MO, MT, ND, NE, NH, NM, NV, OH, PA, SD, TN, TX, UT, VA, VT, WI, WY"
"Other Miscellaneous School/Instruction";"67512";"Academies, elementary or secondary";"AZ, CO, IA, ID, IL, IN, KS, KY, ME, MI, MN, MO, MT, ND, NE, NH, NM, NV, OH, PA, SD, TN, TX, UT, VA, VT, WI, WY"
"Educational Support Services";"67512";"Academies, elementary or secondary";"AZ, CO, IA, ID, IL, IN, KS, KY, ME, MI, MN, MO, MT, ND, NE, NH, NM, NV, OH, PA, SD, TN, TX, UT, VA, VT, WI, WY"
"Medical Physician Office";"66561";"Offices of Physicians (except Mental Health Specialists)";"AZ, CO, IA, ID, IL, IN, KS, KY, ME, MI, MN, MO, MT, ND, NE, NH, NM, NV, OH, PA, SD, TN, TX, UT, VA, VT, WI, WY"
"Dental Office";"66561";"Offices of Physicians (except Mental Health Specialists)";"AZ, CO, IA, ID, IL, IN, KS, KY, ME, MI, MN, MO, MT, ND, NE, NH, NM, NV, OH, PA, SD, TN, TX, UT, VA, VT, WI, WY"
"Chiropractor Office";"66561";"Offices of Physicians (except Mental Health Specialists)";"AZ, CO, IA, ID, IL, IN, KS, KY, ME, MI, MN, MO, MT, ND, NE, NH, NM, NV, OH, PA, SD, TN, TX, UT, VA, VT, WI, WY"
"Optometrist Office";"66561";"Offices of Physicians (except Mental Health Specialists)";"AZ, CO, IA, ID, IL, IN, KS, KY, ME, MI, MN, MO, MT, ND, NE, NH, NM, NV, OH, PA, SD, TN, TX, UT, VA, VT, WI, WY"
"Mental Health Practitioner Office";"66561";"Offices of Physicians (except Mental Health Specialists)";"AZ, CO, IA, ID, IL, IN, KS, KY, ME, MI, MN, MO, MT, ND, NE, NH, NM, NV, OH, PA, SD, TN, TX, UT, VA, VT, WI, WY"
"Physical, Occupational, & Speech or Audiologist Office";"66561";"Offices of Physicians (except Mental Health Specialists)";"AZ, CO, IA, ID, IL, IN, KS, KY, ME, MI, MN, MO, MT, ND, NE, NH, NM, NV, OH, PA, SD, TN, TX, UT, VA, VT, WI, WY"
"Office of Other Health Practitioner";"66561";"Offices of Physicians (except Mental Health Specialists)";"AZ, CO, IA, ID, IL, IN, KS, KY, ME, MI, MN, MO, MT, ND, NE, NH, NM, NV, OH, PA, SD, TN, TX, UT, VA, VT, WI, WY"
"Diagnostic Imaging Center";"66561";"Offices of Physicians (except Mental Health Specialists)";"AZ, CO, IA, ID, IL, IN, KS, KY, ME, MI, MN, MO, MT, ND, NE, NH, NM, NV, OH, PA, SD, TN, TX, UT, VA, VT, WI, WY"
"Other Individual and Family Services";"66561";"Offices of Physicians (except Mental Health Specialists)";"AZ, CO, IA, ID, IL, IN, KS, KY, ME, MI, MN, MO, MT, ND, NE, NH, NM, NV, OH, PA, SD, TN, TX, UT, VA, VT, WI, WY"
"Community Food Services";"12361";"Confectionery Merchant Wholesalers";"AZ, CO, IA, ID, IL, IN, KS, KY, ME, MI, MN, MO, MT, ND, NE, NH, NM, NV, OH, PA, SD, TN, TX, UT, VA, VT, WI, WY"
"Child Day Care Center";"41715";"Child Day Care Services";"AZ, CO, IA, ID, IL, IN, KS, KY, ME, MI, MN, MO, MT, ND, NE, NH, NM, NV, OH, PA, SD, TN, TX, UT, VA, VT, WI, WY"
"Agent/Manager for Public Figures";"41677";"Other Accounting Services";"AZ, CO, IA, ID, IL, IN, KS, KY, ME, MI, MN, MO, MT, ND, NE, NH, NM, NV, OH, PA, SD, TN, TX, UT, VA, VT, WI, WY"
"Agent/Manager for Artists and Entertainers";"41677";"Other Accounting Services";"AZ, CO, IA, ID, IL, IN, KS, KY, ME, MI, MN, MO, MT, ND, NE, NH, NM, NV, OH, PA, SD, TN, TX, UT, VA, VT, WI, WY"
"Agent/Manager for Athletes";"41677";"Other Accounting Services";"AZ, CO, IA, ID, IL, IN, KS, KY, ME, MI, MN, MO, MT, ND, NE, NH, NM, NV, OH, PA, SD, TN, TX, UT, VA, VT, WI, WY"
"Museum";"46426";"Museums";"AZ, CO, IA, ID, IL, IN, KS, KY, ME, MI, MN, MO, MT, ND, NE, NH, NM, NV, OH, PA, SD, TN, TX, UT, VA, VT, WI, WY"
"Casino";"43990";"Casinos (except Casino Hotels)";"AZ, CO, IA, ID, IL, IN, KS, KY, ME, MI, MN, MO, MT, ND, NE, NH, NM, NV, OH, PA, SD, TN, TX, UT, VA, VT, WI, WY"
"Public Golf Course";"44070";"Golf courses (except miniature, pitch-n-putt)";"AZ, CO, IA, ID, IL, IN, KS, KY, ME, MI, MN, MO, MT, ND, NE, NH, NM, NV, OH, PA, SD, TN, TX, UT, VA, VT, WI, WY"
"Membership Driven Golf Club";"11138";"Golf Courses and Country Clubs";"AZ, CO, IA, ID, IL, IN, KS, KY, ME, MI, MN, MO, MT, ND, NE, NH, NM, NV, OH, PA, SD, TN, TX, UT, VA, VT, WI, WY"
"Casino Hotel";"43990";"Casinos (except Casino Hotels)";"AZ, CO, IA, ID, IL, IN, KS, KY, ME, MI, MN, MO, MT, ND, NE, NH, NM, NV, OH, PA, SD, TN, TX, UT, VA, VT, WI, WY"
"Caterer";"11039";"Caterers";"AZ, CO, IA, ID, IL, IN, KS, KY, ME, MI, MN, MO, MT, ND, NE, NH, NM, NV, OH, PA, SD, TN, TX, UT, VA, VT, WI, WY"
"Full-Service Restaurant";"16910";"Family restaurants, limited-service";"AZ, CO, IA, ID, IL, IN, KS, KY, ME, MI, MN, MO, MT, ND, NE, NH, NM, NV, OH, PA, SD, TN, TX, UT, VA, VT, WI, WY"
"Limited-Service Restaurant";"16901";"Full-Service Restaurants";"AZ, CO, IA, ID, IL, IN, KS, KY, ME, MI, MN, MO, MT, ND, NE, NH, NM, NV, OH, PA, SD, TN, TX, UT, VA, VT, WI, WY"
"Snack and Nonalcoholic Beverage Bar";"11288";"Delicatessens primarily retailing a range of grocery items and meats";"AZ, CO, IA, ID, IL, IN, KS, KY, ME, MI, MN, MO, MT, ND, NE, NH, NM, NV, OH, PA, SD, TN, TX, UT, VA, VT, WI, WY"
"General Automotive Repair";"10073";"General Automotive Repair";"AZ, CO, IA, ID, IL, IN, KS, KY, ME, MI, MN, MO, MT, ND, NE, NH, NM, NV, OH, PA, SD, TN, TX, UT, VA, VT, WI, WY"
"Automotive Exhaust System Repair";"10073";"General Automotive Repair";"AZ, CO, IA, ID, IL, IN, KS, KY, ME, MI, MN, MO, MT, ND, NE, NH, NM, NV, OH, PA, SD, TN, TX, UT, VA, VT, WI, WY"
"Automotive Transmission Repair";"10073";"General Automotive Repair";"AZ, CO, IA, ID, IL, IN, KS, KY, ME, MI, MN, MO, MT, ND, NE, NH, NM, NV, OH, PA, SD, TN, TX, UT, VA, VT, WI, WY"
"Automotive Body, Paint, and Interior Repair and Maintenance";"10073";"General Automotive Repair";"AZ, CO, IA, ID, IL, IN, KS, KY, ME, MI, MN, MO, MT, ND, NE, NH, NM, NV, OH, PA, SD, TN, TX, UT, VA, VT, WI, WY"
"Automotive Glass Replacement Shop";"10073";"General Automotive Repair";"AZ, CO, IA, ID, IL, IN, KS, KY, ME, MI, MN, MO, MT, ND, NE, NH, NM, NV, OH, PA, SD, TN, TX, UT, VA, VT, WI, WY"
"Automotive Oil Change and Lubrication Shop";"10072";"Automotive Oil Change and Lubrication Shops";"AZ, CO, IA, ID, IL, IN, KS, KY, ME, MI, MN, MO, MT, ND, NE, NH, NM, NV, OH, PA, SD, TN, TX, UT, VA, VT, WI, WY"
"Car Wash";"10367";"Car Washes";"AZ, CO, IA, ID, IL, IN, KS, KY, ME, MI, MN, MO, MT, ND, NE, NH, NM, NV, OH, PA, SD, TN, TX, UT, VA, VT, WI, WY"
"Computer and Office Machine Repair and Maintenance";"91555";"Computer equipment repair and maintenance services without retailing new computers";"AZ, CO, IA, ID, IL, IN, KS, KY, ME, MI, MN, MO, MT, ND, NE, NH, NM, NV, OH, PA, SD, TN, TX, UT, VA, VT, WI, WY"
"Communication Equipment Installation, Repair, & Maintenance";"91551";"Audio equipment installation (except automotive) contractors";"AZ, CO, IA, ID, IL, IN, KS, KY, ME, MI, MN, MO, MT, ND, NE, NH, NM, NV, OH, PA, SD, TN, TX, UT, VA, VT, WI, WY"
"Commercial Refrigeration Service and Repair";"98636";"Commercial freezer installation";"AZ, CO, IA, ID, IL, IN, KS, KY, ME, MI, MN, MO, MT, ND, NE, NH, NM, NV, OH, PA, SD, TN, TX, UT, VA, VT, WI, WY"
"Electrical Appliance Repair and Maintenance";"91155";"Consumer electronics repair and maintenance services without retailing new consumer electronics";"AZ, CO, IA, ID, IL, IN, KS, KY, ME, MI, MN, MO, MT, ND, NE, NH, NM, NV, OH, PA, SD, TN, TX, UT, VA, VT, WI, WY"
"Reupholstery and Furniture Repair";"99826";"Reupholstery and Furniture Repair";"AZ, CO, IA, ID, IL, IN, KS, KY, ME, MI, MN, MO, MT, ND, NE, NH, NM, NV, OH, PA, SD, TN, TX, UT, VA, VT, WI, WY"
"Footwear and Leather Goods Repair";"18109";"Footwear and Leather Goods Repair";"AZ, CO, IA, ID, IL, IN, KS, KY, ME, MI, MN, MO, MT, ND, NE, NH, NM, NV, OH, PA, SD, TN, TX, UT, VA, VT, WI, WY"
"Watch, Clock, and Jewelry Repair";"14655";"Jewelry, Watch, Precious Stone, and Precious Metal Merchant Wholesalers";"AZ, CO, IA, ID, IL, IN, KS, KY, ME, MI, MN, MO, MT, ND, NE, NH, NM, NV, OH, PA, SD, TN, TX, UT, VA, VT, WI, WY"
"Barber Shop";"10113";"Barber Shops";"AZ, CO, IA, ID, IL, IN, KS, KY, ME, MI, MN, MO, MT, ND, NE, NH, NM, NV, OH, PA, SD, TN, TX, UT, VA, VT, WI, WY"
"Beauty Salon";"10115";"Beauty Salons";"AZ, CO, IA, ID, IL, IN, KS, KY, ME, MI, MN, MO, MT, ND, NE, NH, NM, NV, OH, PA, SD, TN, TX, UT, VA, VT, WI, WY"
"Nail Salon";"15600";"Nail Salons";"AZ, CO, IA, ID, IL, IN, KS, KY, ME, MI, MN, MO, MT, ND, NE, NH, NM, NV, OH, PA, SD, TN, TX, UT, VA, VT, WI, WY"
"Funeral Homes and Funeral Services";"43889";"Funeral Homes and Funeral Services";"AZ, CO, IA, ID, IL, IN, KS, KY, ME, MI, MN, MO, MT, ND, NE, NH, NM, NV, OH, PA, SD, TN, TX, UT, VA, VT, WI, WY"
"Coin-Operated Laundry";"14733";"Drycleaners (except coin-operated)";"AZ, CO, IA, ID, IL, IN, KS, KY, ME, MI, MN, MO, MT, ND, NE, NH, NM, NV, OH, PA, SD, TN, TX, UT, VA, VT, WI, WY"
"Laundry and Garment Services";"14733";"Drycleaners (except coin-operated)";"AZ, CO, IA, ID, IL, IN, KS, KY, ME, MI, MN, MO, MT, ND, NE, NH, NM, NV, OH, PA, SD, TN, TX, UT, VA, VT, WI, WY"
"Linen Supply Wholesaler";"14734";"Linen Supply";"AZ, CO, IA, ID, IL, IN, KS, KY, ME, MI, MN, MO, MT, ND, NE, NH, NM, NV, OH, PA, SD, TN, TX, UT, VA, VT, WI, WY"
"Industrial Launderer";"45678";"Drycleaning and Laundry Services (except Coin-Operated)";"AZ, CO, IA, ID, IL, IN, KS, KY, ME, MI, MN, MO, MT, ND, NE, NH, NM, NV, OH, PA, SD, TN, TX, UT, VA, VT, WI, WY"
"Photofinishing Laboratory";"57997";"Photofinishing Laboratories (except One-Hour)";"AZ, CO, IA, ID, IL, IN, KS, KY, ME, MI, MN, MO, MT, ND, NE, NH, NM, NV, OH, PA, SD, TN, TX, UT, VA, VT, WI, WY"
"Religious Organization";"41650";"Religious Organizations";"AZ, CO, IA, ID, IL, IN, KS, KY, ME, MI, MN, MO, MT, ND, NE, NH, NM, NV, OH, PA, SD, TN, TX, UT, VA, VT, WI, WY"
"Grantmaking Foundation";"48600";"Community action service agencies";"AZ, CO, IA, ID, IL, IN, KS, KY, ME, MI, MN, MO, MT, ND, NE, NH, NM, NV, OH, PA, SD, TN, TX, UT, VA, VT, WI, WY"
"Human Rights Organization";"48600";"Community action service agencies";"AZ, CO, IA, ID, IL, IN, KS, KY, ME, MI, MN, MO, MT, ND, NE, NH, NM, NV, OH, PA, SD, TN, TX, UT, VA, VT, WI, WY"
"Environment, Conservation and Wildlife Organization";"47367";"Securities Brokerage";"AZ, CO, IA, ID, IL, IN, KS, KY, ME, MI, MN, MO, MT, ND, NE, NH, NM, NV, OH, PA, SD, TN, TX, UT, VA, VT, WI, WY"
"Other Social Advocacy Organization";"47367";"Securities Brokerage";"AZ, CO, IA, ID, IL, IN, KS, KY, ME, MI, MN, MO, MT, ND, NE, NH, NM, NV, OH, PA, SD, TN, TX, UT, VA, VT, WI, WY"
"Business Association";"46881";"Business Associations";"AZ, CO, IA, ID, IL, IN, KS, KY, ME, MI, MN, MO, MT, ND, NE, NH, NM, NV, OH, PA, SD, TN, TX, UT, VA, VT, WI, WY"
"Professional Organization";"46881";"Business Associations";"AZ, CO, IA, ID, IL, IN, KS, KY, ME, MI, MN, MO, MT, ND, NE, NH, NM, NV, OH, PA, SD, TN, TX, UT, VA, VT, WI, WY"
"Labor Union or Similar Labor Organization";"65007";"Labor Unions and Similar Labor Organizations";"AZ, CO, IA, ID, IL, IN, KS, KY, ME, MI, MN, MO, MT, ND, NE, NH, NM, NV, OH, PA, SD, TN, TX, UT, VA, VT, WI, WY"
"Political Organization";"46822";"Political Organizations";"AZ, CO, IA, ID, IL, IN, KS, KY, ME, MI, MN, MO, MT, ND, NE, NH, NM, NV, OH, PA, SD, TN, TX, UT, VA, VT, WI, WY"
"Legal Counsel and Prosecution";"66122";"Offices of Lawyers";"AZ, CO, IA, ID, IL, IN, KS, KY, ME, MI, MN, MO, MT, ND, NE, NH, NM, NV, OH, PA, SD, TN, TX, UT, VA, VT, WI, WY"
"Business Consultant";"41677";"Other Accounting Services";"AZ, CO, IA, ID, IL, IN, KS, KY, ME, MI, MN, MO, MT, ND, NE, NH, NM, NV, OH, PA, SD, TN, TX, UT, VA, VT, WI, WY"
"Software Development";"51942";"Software Publishers";"AZ, CO, IA, ID, IL, IN, KS, KY, ME, MI, MN, MO, MT, ND, NE, NH, NM, NV, OH, PA, SD, TN, TX, UT, VA, VT, WI, WY"
"Coffee Shop";"16901";"Full-Service Restaurants";"AZ, CO, IA, ID, IL, IN, KS, KY, ME, MI, MN, MO, MT, ND, NE, NH, NM, NV, OH, PA, SD, TN, TX, UT, VA, VT, WI, WY"
"Fast Food Restaurant";"16901";"Full-Service Restaurants";"AZ, CO, IA, ID, IL, IN, KS, KY, ME, MI, MN, MO, MT, ND, NE, NH, NM, NV, OH, PA, SD, TN, TX, UT, VA, VT, WI, WY"
"Food Truck";"16902";"Limited-Service Restaurants";"AZ, CO, IA, ID, IL, IN, KS, KY, ME, MI, MN, MO, MT, ND, NE, NH, NM, NV, OH, PA, SD, TN, TX, UT, VA, VT, WI, WY"
"Pre-School";"67512";"Academies, elementary or secondary";"AZ, CO, IA, ID, IL, IN, KS, KY, ME, MI, MN, MO, MT, ND, NE, NH, NM, NV, OH, PA, SD, TN, TX, UT, VA, VT, WI, WY"
"Deli";"11288";"Delicatessens primarily retailing a range of grocery items and meats";"AZ, CO, IA, ID, IL, IN, KS, KY, ME, MI, MN, MO, MT, ND, NE, NH, NM, NV, OH, PA, SD, TN, TX, UT, VA, VT, WI, WY"
"Motel";"64074";"Hotel building rental or leasing, not operating hotel";"AZ, CO, IA, ID, IL, IN, KS, KY, ME, MI, MN, MO, MT, ND, NE, NH, NM, NV, OH, PA, SD, TN, TX, UT, VA, VT, WI, WY"
"Satellite Dish Installation";"99650";"Home theater installation";"AZ, CO, IA, ID, IL, IN, KS, KY, ME, MI, MN, MO, MT, ND, NE, NH, NM, NV, OH, PA, SD, TN, TX, UT, VA, VT, WI, WY"
"Interior Carpentry";"91341";"Acoustical ceiling tile and panel installation";"AZ, CO, IA, ID, IL, IN, KS, KY, ME, MI, MN, MO, MT, ND, NE, NH, NM, NV, OH, PA, SD, TN, TX, UT, VA, VT, WI, WY"
"Handyman";"91341";"Acoustical ceiling tile and panel installation";"AZ, CO, IA, ID, IL, IN, KS, KY, ME, MI, MN, MO, MT, ND, NE, NH, NM, NV, OH, PA, SD, TN, TX, UT, VA, VT, WI, WY"
"Door or Millwork Installation";"91746";"Automated and revolving door installation";"AZ, CO, IA, ID, IL, IN, KS, KY, ME, MI, MN, MO, MT, ND, NE, NH, NM, NV, OH, PA, SD, TN, TX, UT, VA, VT, WI, WY"
"Sidewalk or Driveway Paving";"91560";"Poured Concrete Foundation and Structure Contractors";"AZ, CO, IA, ID, IL, IN, KS, KY, ME, MI, MN, MO, MT, ND, NE, NH, NM, NV, OH, PA, SD, TN, TX, UT, VA, VT, WI, WY"
"Fence Erection";"94276";"Chain link fence installation";"AZ, CO, IA, ID, IL, IN, KS, KY, ME, MI, MN, MO, MT, ND, NE, NH, NM, NV, OH, PA, SD, TN, TX, UT, VA, VT, WI, WY"
"Grading Contractor";"95410";"Backfilling, construction";"AZ, CO, IA, ID, IL, IN, KS, KY, ME, MI, MN, MO, MT, ND, NE, NH, NM, NV, OH, PA, SD, TN, TX, UT, VA, VT, WI, WY"
"Home Furnishing Installation";"96053";"Closet organizer system installation";"AZ, CO, IA, ID, IL, IN, KS, KY, ME, MI, MN, MO, MT, ND, NE, NH, NM, NV, OH, PA, SD, TN, TX, UT, VA, VT, WI, WY"
"Decorative Metal Erection";"97650";"Decorative steel and wrought iron work installation";"AZ, CO, IA, ID, IL, IN, KS, KY, ME, MI, MN, MO, MT, ND, NE, NH, NM, NV, OH, PA, SD, TN, TX, UT, VA, VT, WI, WY"
"Exterior Painting";"98304";"House painting";"AZ, CO, IA, ID, IL, IN, KS, KY, ME, MI, MN, MO, MT, ND, NE, NH, NM, NV, OH, PA, SD, TN, TX, UT, VA, VT, WI, WY"
"Wallpaper Hanging";"98344";"Paperhanging and removal contractors";"AZ, CO, IA, ID, IL, IN, KS, KY, ME, MI, MN, MO, MT, ND, NE, NH, NM, NV, OH, PA, SD, TN, TX, UT, VA, VT, WI, WY"
"Plumbing";"98482";"Chilled water system installation";"AZ, CO, IA, ID, IL, IN, KS, KY, ME, MI, MN, MO, MT, ND, NE, NH, NM, NV, OH, PA, SD, TN, TX, UT, VA, VT, WI, WY"
"Residential Plumbing";"98483";"Bathroom plumbing fixture and sanitary ware installation";"AZ, CO, IA, ID, IL, IN, KS, KY, ME, MI, MN, MO, MT, ND, NE, NH, NM, NV, OH, PA, SD, TN, TX, UT, VA, VT, WI, WY"
"Metal Wall or Ceiling Installation";"91436";"Ceiling, metal, installation";"AZ, CO, IA, ID, IL, IN, KS, KY, ME, MI, MN, MO, MT, ND, NE, NH, NM, NV, OH, PA, SD, TN, TX, UT, VA, VT, WI, WY"
"Septic Tank Installation";"98806";"Drainage system (e.g., cesspool, septic tank) installation";"AZ, CO, IA, ID, IL, IN, KS, KY, ME, MI, MN, MO, MT, ND, NE, NH, NM, NV, OH, PA, SD, TN, TX, UT, VA, VT, WI, WY"
"Stucco or Plastering Contractor";"98449";"Stucco contractors";"AZ, CO, IA, ID, IL, IN, KS, KY, ME, MI, MN, MO, MT, ND, NE, NH, NM, NV, OH, PA, SD, TN, TX, UT, VA, VT, WI, WY"
"Family Office";"41677";"Other Accounting Services";"AZ, CO, IA, ID, IL, IN, KS, KY, ME, MI, MN, MO, MT, ND, NE, NH, NM, NV, OH, PA, SD, TN, TX, UT, VA, VT, WI, WY"